Proteins,Shigella,Salmonella,Phospholyation, Ubiquitination
A0A087WWM0,0,1,0,0
A0A087WYR3,1,0,0,0
A0A087WZK9,0,1,0,0
A0A087X253,0,1,0,0
A0A087X2I1,0,1,0,1
A0A0B4J1Z1,1,0,1,0
A0AVI2,1,0,1,0
A0AVT1,1,1,1,1
A0MZ66,1,1,1,1
A1L390,1,0,1,0
A2A3N6,1,0,1,1
A2A3R5,1,0,0,1
A6NEM2,1,0,1,1
A6NHR9,1,0,1,1
A6NIZ1,1,0,1,1
A6NLN1,1,0,1,1
A6ZKI3,1,0,1,1
A7E2V4,1,0,1,0
A8MXP9,1,0,1,1
B0QY89,1,1,0,1
B1AMS2,0,1,0,1
B4DEH8,1,0,0,1
B4DGU4,1,0,0,1
B4DMR0,0,1,0,1
B5MCF9,0,1,0,1
B5ME19,1,0,1,1
B7ZLC4,0,1,0,0
B7ZLF4,0,1,0,0
B8ZZQ6,1,0,0,1
C9J0K6,1,0,0,1
C9J9C1,1,0,0,1
C9J9K3,0,1,0,1
C9JE12,1,0,0,1
C9JFE4,1,0,0,1
C9JFR7,0,1,0,1
C9JG97,0,1,0,1
C9JKI3,1,0,0,1
D3YTB1,0,1,0,0
D6RG19,0,1,0,0
E5RI99,0,1,0,1
E7ETK0,0,1,0,1
E7EVA0,1,0,1,1
E7EW69,1,0,0,1
E9PAV3,1,1,1,0
E9PF10,1,0,0,0
E9PJM3,0,1,0,0
F8VUA2,0,1,0,0
F8W1R7,1,0,0,1
F8W7C6,1,0,0,1
G3V126,0,1,0,0
G3V1L9,1,0,0,0
G3V295,0,1,0,1
G5E9T8,1,0,0,0
H0Y4V9,1,0,0,0
H0YD73,1,0,0,0
H0YIN8,1,0,0,1
H0YJ92,0,1,0,0
H3BLV9,0,1,0,0
H3BM14,0,1,0,0
H3BN98,1,0,0,0
H3BPN3,0,1,0,0
H7BXI1,1,0,1,0
H7BY58,1,0,1,0
H7C1E4,0,1,0,1
J3KNN7,0,1,0,0
J3KQ32,0,1,0,0
J3KQ48,0,1,0,1
J3QR09,1,1,0,0
J3QRU1,1,0,0,0
J3QRV5,0,1,1,0
K7EIG1,0,1,0,1
K7EM56,0,1,0,0
K7EP07,0,1,0,0
K7ER00,0,1,0,0
M0QYS1,0,1,0,1
M0R0F0,0,1,0,0
M0R2B7,0,1,1,1
O00124,1,0,1,1
O00139,1,0,1,1
O00148,1,0,1,1
O00154,1,0,1,1
O00161,1,1,1,1
O00165,0,1,1,1
O00186,1,1,1,1
O00193,1,1,1,1
O00203,1,1,1,1
O00214,1,0,1,1
O00231,1,0,1,1
O00232,1,1,1,1
O00233,1,0,1,1
O00264,1,1,1,1
O00267,1,0,1,1
O00268,1,0,1,0
O00273,0,1,1,1
O00291,1,0,1,1
O00299,1,1,1,1
O00303,0,1,1,1
O00401,1,0,1,0
O00410,1,1,1,1
O00418,1,1,1,1
O00425,1,1,1,1
O00429,1,1,1,1
O00443,0,1,1,1
O00458,1,0,1,1
O00470,1,0,1,0
O00471,1,0,1,0
O00479,1,0,1,0
O00483,0,1,1,1
O00487,1,0,1,1
O00499,1,1,1,0
O00505,1,1,1,1
O00512,0,1,1,0
O00541,1,0,1,1
O00559,1,1,1,0
O00567,1,0,1,1
O00571,1,1,1,1
O00712,1,1,1,0
O00762,0,1,1,1
O00767,1,1,1,1
O14493,1,0,1,0
O14495,1,0,1,1
O14497,1,0,1,1
O14530,0,1,1,1
O14545,1,1,1,1
O14562,1,0,1,1
O14579,1,0,1,1
O14617,1,1,1,1
O14639,1,1,1,0
O14646,1,0,1,0
O14672,1,0,1,1
O14686,0,1,1,1
O14737,1,1,1,1
O14744,1,1,1,1
O14745,1,1,1,1
O14763,1,0,1,1
O14763-2,1,0,0,1
O14776,1,0,1,1
O14818,1,1,1,1
O14828,1,1,1,1
O14874,1,0,1,1
O14907,0,1,1,0
O14908,1,1,1,1
O14910,1,0,1,1
O14936,1,0,1,1
O14939,1,1,1,1
O14949,0,1,1,0
O14964,1,1,1,1
O14972,1,0,1,1
O14974,1,1,1,0
O14975,1,1,1,1
O14977,1,0,0,1
O14979,1,0,1,1
O14980,1,1,1,1
O15014,1,1,1,0
O15018,1,0,1,0
O15020,1,0,1,0
O15027,1,1,1,0
O15037,1,0,1,1
O15047,1,0,1,0
O15061,1,1,1,1
O15067,1,1,1,1
O15084,1,0,1,1
O15085,0,1,1,0
O15126,1,1,1,1
O15143,1,0,1,1
O15144,1,1,1,1
O15145,1,1,1,1
O15155,1,0,1,1
O15160,0,1,1,1
O15162,1,0,1,1
O15164,0,1,1,1
O15173,1,0,1,1
O15212,1,1,1,1
O15231,1,0,1,0
O15234,1,1,1,1
O15258,1,0,1,1
O15260,1,0,1,1
O15269,1,0,1,1
O15294,1,1,1,1
O15304,1,0,1,1
O15344,1,1,1,1
O15347,1,0,1,1
O15355,1,0,1,1
O15357,1,0,1,1
O15371,1,1,1,1
O15372,1,0,1,1
O15379,1,0,1,1
O15400,1,0,1,1
O15417,0,1,1,1
O15427,1,0,1,1
O15439,1,0,1,1
O15446,0,1,1,0
O15479,1,0,1,1
O15498,1,0,1,1
O15511,1,0,1,1
O15513,0,1,1,0
O15523,0,1,1,1
O15525,1,0,1,1
O15534,0,1,1,0
O15541,0,1,1,0
O15551,1,0,1,0
O43143,1,1,1,1
O43148,1,0,1,1
O43150,0,1,1,0
O43166,1,0,1,0
O43175,1,1,1,1
O43237,1,1,1,0
O43242,1,1,1,1
O43252,1,0,1,1
O43290,1,1,1,1
O43291,1,0,1,1
O43294,1,1,1,0
O43390,1,0,1,1
O43395,1,0,1,1
O43396,1,1,1,1
O43399,0,1,1,1
O43426,0,1,1,0
O43427,0,1,1,1
O43432,1,1,1,1
O43447,1,0,1,1
O43464,0,1,1,1
O43491,1,1,1,1
O43516,1,0,1,0
O43583,1,1,1,1
O43617,1,0,0,1
O43633,1,0,1,1
O43663,0,1,1,1
O43665,1,0,1,0
O43683,0,1,1,1
O43684,1,1,1,1
O43684-2,1,0,0,0
O43688,1,0,1,0
O43707,1,1,1,1
O43709,1,1,1,1
O43719,1,1,1,1
O43752,1,1,1,1
O43765,1,1,1,1
O43768,1,1,1,1
O43776,1,1,1,1
O43791,1,0,1,1
O43795,1,0,1,1
O43805,0,1,1,1
O43809,1,0,1,1
O43813,0,1,1,1
O43823,0,1,1,0
O43847,1,1,1,1
O43896,0,1,1,0
O43920,0,1,0,1
O60216,1,1,1,1
O60231,1,1,1,1
O60234,1,0,1,1
O60238,1,0,1,1
O60245,1,0,1,0
O60256,1,1,1,1
O60262,1,0,0,1
O60264,1,0,1,1
O60271,1,1,1,1
O60291,1,0,1,1
O60293,1,1,1,1
O60307,1,0,1,0
O60331,1,1,1,1
O60331-4,1,0,0,0
O60341,0,1,1,1
O60343,1,1,1,0
O60437,1,0,1,1
O60488,1,1,1,1
O60488-2,1,0,0,1
O60493,1,0,1,1
O60496,1,0,1,1
O60502,1,0,1,1
O60504,1,1,1,0
O60506,1,1,1,1
O60566,1,1,1,1
O60664,1,0,1,1
O60678,1,1,1,1
O60683,1,0,1,0
O60684,0,1,1,1
O60716,1,1,1,1
O60725,1,0,1,1
O60749,1,1,1,1
O60762,0,1,1,1
O60763,1,1,1,1
O60784,1,1,1,1
O60814,1,1,1,1
O60825,1,1,1,0
O60832,1,1,1,1
O60841,1,1,1,1
O60869,1,1,1,1
O60884,1,1,1,1
O60885,1,0,1,0
O60925,1,0,1,0
O60934,0,1,1,1
O75044,1,0,1,1
O75083,1,0,1,1
O75110,1,0,1,1
O75122,1,1,1,0
O75128,1,0,1,0
O75131,1,1,1,1
O75146-2,1,0,0,0
O75151,1,0,1,1
O75152,1,0,1,1
O75153,1,0,1,1
O75179,1,1,1,0
O75190,1,1,1,1
O75312,1,0,1,1
O75351,1,1,1,1
O75367,1,0,1,1
O75367-3,1,0,0,1
O75369,1,1,1,1
O75376,1,1,1,1
O75382,1,0,1,0
O75385,0,1,1,0
O75396,1,1,1,1
O75400,1,1,1,1
O75400-2,1,0,0,1
O75436,1,1,1,1
O75475,1,1,1,0
O75494,1,1,1,0
O75509,0,1,1,0
O75531,1,1,1,1
O75533,1,1,1,1
O75534,0,1,1,1
O75569,1,1,1,0
O75592,1,1,1,1
O75608,1,0,1,1
O75643,1,1,1,1
O75663,1,1,1,1
O75674,1,0,1,1
O75676,1,1,1,1
O75683,1,1,1,1
O75688,1,1,1,1
O75691,1,0,1,0
O75694,1,0,1,1
O75695,1,1,1,1
O75717,0,1,1,1
O75794,1,1,1,1
O75808,0,1,1,1
O75817,1,0,1,1
O75821,1,1,1,1
O75822,1,1,1,1
O75832,1,0,1,1
O75844,1,1,1,1
O75886,1,1,1,1
O75909,1,1,1,0
O75911,0,1,0,1
O75915,1,1,1,1
O75925,1,1,1,1
O75937,1,0,1,1
O75962,1,1,1,0
O76003,1,0,1,1
O76021,1,1,1,1
O76075,1,0,1,1
O76080,1,0,1,1
O76094,1,1,1,1
O94762,1,0,1,1
O94776,1,1,1,1
O94782,1,0,1,1
O94804,1,1,1,1
O94806,0,1,1,0
O94808,1,0,1,1
O94817,0,1,1,1
O94826,1,1,1,1
O94832,1,0,1,1
O94874,1,0,1,1
O94875,1,1,1,0
O94876,1,0,1,1
O94885,1,0,1,1
O94888,1,1,1,1
O94906,1,0,1,1
O94915,1,0,1,1
O94929,1,0,1,0
O94952,1,0,1,1
O94964,1,0,1,1
O94973,1,0,1,1
O94979,1,1,1,1
O95071,1,1,1,1
O95139,1,1,1,1
O95147,1,0,1,1
O95155,1,1,1,1
O95197,1,0,1,1
O95218,1,1,1,0
O95229,0,1,1,1
O95235,1,1,1,1
O95239,1,1,1,1
O95248,0,1,1,0
O95251,1,0,1,1
O95292,1,1,1,1
O95298,0,1,0,1
O95336,1,0,1,1
O95340,1,0,1,1
O95361,1,0,1,0
O95365,1,0,1,0
O95372,1,0,1,1
O95373,0,1,1,1
O95376,1,0,1,1
O95391,1,0,1,1
O95394,1,1,1,1
O95400,1,1,1,0
O95425,0,1,1,0
O95433,1,1,1,1
O95453,0,1,1,0
O95456,1,0,1,1
O95466,1,1,1,1
O95470,1,0,1,1
O95503,1,0,1,1
O95544,0,1,1,1
O95551,1,1,1,1
O95571,1,0,1,0
O95573,1,1,1,1
O95602,1,0,1,1
O95625,1,0,1,1
O95628,1,0,1,0
O95630,1,0,1,1
O95671,0,1,1,1
O95677,1,0,1,0
O95684,1,1,1,0
O95696,1,0,1,1
O95707,1,0,1,1
O95714,1,0,1,1
O95747,1,1,1,0
O95772,1,0,1,0
O95785,0,1,1,1
O95793,1,1,1,0
O95816,1,1,1,1
O95817,1,1,1,1
O95819,1,0,1,1
O95835,1,0,1,0
O95905,0,1,1,1
O95997,1,1,1,1
O96013,1,1,1,1
O96019,1,0,1,1
O96028,1,0,1,0
P00338,1,1,1,1
P00387,1,1,1,1
P00390,1,0,1,1
P00441,1,0,1,1
P00491,1,1,1,1
P00492,1,0,1,1
P00533,1,1,1,1
P00558,1,1,1,1
P00966,0,1,1,1
P01106,0,1,1,1
P01111,1,1,1,1
P01116,1,1,1,1
P01116-2,1,0,0,1
P01266,1,0,1,0
P02545,1,1,1,1
P02545-2,1,0,1,1
P02786,1,1,1,1
P02794,1,1,1,1
P04035,1,1,1,1
P04049,1,1,1,0
P04075,1,1,1,1
P04080,1,0,1,1
P04083,1,1,1,1
P04150,0,1,1,1
P04183,1,0,1,1
P04406,1,1,1,1
P04626,1,0,1,1
P04637,1,0,1,1
P04792,1,1,1,1
P04843,1,0,1,1
P04844,1,1,1,1
P04899,1,1,1,1
P04908,1,0,1,1
P04920,1,0,1,1
P05067,1,0,1,1
P05114,1,1,1,1
P05141,1,0,1,1
P05204,1,1,1,1
P05386,0,1,1,1
P05387,1,1,1,1
P05388,1,1,1,1
P05455,1,1,1,1
P05556,1,1,1,1
P05783,1,1,1,1
P06400,1,1,1,1
P06454,1,1,1,1
P06493,1,1,1,1
P06576,1,0,1,1
P06703,1,1,1,1
P06733,1,1,1,1
P06737,1,1,1,1
P06744,1,1,1,1
P06748,1,1,1,1
P06748-2,1,0,1,1
P06756,1,0,1,1
P07108,1,1,1,1
P07195,1,1,1,1
P07237,1,0,1,1
P07305,1,1,1,1
P07355,1,1,1,1
P07384,1,0,1,1
P07437,1,0,1,1
P07737,1,1,1,1
P07741,1,1,1,1
P07814,1,1,1,1
P07864,1,0,1,0
P07900,1,1,1,1
P07910,1,0,1,1
P07948,1,0,1,1
P08069,1,0,1,1
P08107,1,0,1,1
P08133,1,1,1,1
P08238,1,1,1,1
P08243,1,1,1,1
P08559,1,1,1,1
P08579,1,0,1,1
P08581,1,0,1,1
P08621,1,1,1,1
P08651,1,1,1,0
P08670,0,1,1,1
P08708,1,0,1,1
P08754,1,1,1,1
P08758,1,1,1,1
P08865,1,0,1,1
P08913,1,0,1,0
P09012,1,0,1,1
P09211,1,0,1,1
P09234,1,0,1,1
P09382,1,1,1,1
P09429,1,1,1,1
P09496,1,0,1,1
P09543,1,1,1,1
P09651,1,1,1,1
P09661,1,0,1,1
P09874,1,1,1,1
P09884,1,0,1,1
P09960,1,1,1,1
P09972,1,0,1,1
P0C0S5,1,0,1,1
P0CAP2,1,0,1,0
P0CG48,1,0,1,1
P10155,1,0,1,1
P10398,0,1,1,0
P10412,1,1,1,1
P10586,1,0,1,1
P10589,1,0,1,1
P10599,1,1,1,1
P10644,1,1,1,1
P10809,1,0,1,1
P11021,1,0,1,1
P11137,1,1,1,0
P11142,1,1,1,1
P11166,1,1,1,1
P11233,1,1,1,1
P11274,1,0,1,1
P11387,1,1,1,1
P11388,1,1,1,1
P11441,0,1,1,1
P11532,1,0,1,1
P11717,1,1,1,0
P11766,1,0,1,1
P11831,1,0,1,0
P11908,1,0,1,1
P11940,1,1,1,1
P12004,1,1,1,1
P12036,1,0,1,0
P12081,1,1,1,1
P12268,1,1,1,1
P12270,1,1,1,1
P12277,1,1,1,1
P12429,1,0,1,1
P12694,1,0,1,0
P12956,1,1,1,1
P13010,1,1,1,1
P13051,1,1,1,1
P13639,1,1,1,1
P13797,0,1,1,1
P13798,1,1,1,1
P13807,1,1,1,1
P13861,1,1,1,1
P13984,1,0,1,1
P14174,1,0,1,1
P14324,1,0,1,1
P14373,0,1,1,1
P14618,1,1,1,1
P14735,1,1,1,1
P14854,0,1,1,1
P14859,0,1,1,0
P14866,1,1,1,1
P14868,1,0,1,1
P14923,1,0,1,1
P15056,0,1,1,1
P15104,1,0,1,1
P15121,1,1,1,1
P15153,1,0,1,1
P15170,0,1,1,1
P15260,1,0,1,1
P15311,1,1,1,1
P15408,1,1,1,0
P15531,0,1,1,1
P15559,1,1,1,1
P15822,1,0,1,1
P15880,1,1,1,1
P15923,1,1,1,0
P15924,1,1,1,1
P16070,1,1,1,1
P16070-18,1,0,0,0
P16104,1,0,1,1
P16144,1,0,1,1
P16220,1,1,1,1
P16333,1,0,1,0
P16383,1,1,1,0
P16401,1,1,1,1
P16402,0,1,1,1
P16403,1,1,1,1
P16435,0,1,1,1
P16615,1,1,1,1
P16949,1,1,1,1
P16989,1,1,1,1
P17096,1,1,1,1
P17252,1,1,1,1
P17275,0,1,1,1
P17302,0,1,1,1
P17480,1,0,1,1
P17535,1,1,1,1
P17544,1,1,1,0
P17655,0,1,1,1
P17706,0,1,1,1
P17707,1,0,1,1
P17812,1,1,1,1
P17931,1,0,1,0
P17980,1,1,1,1
P17987,1,1,1,1
P18077,1,1,1,1
P18124,1,1,1,1
P18206,1,1,1,1
P18206-2,1,0,0,1
P18583,1,0,1,1
P18615,1,1,1,1
P18669,1,1,1,1
P18754,1,1,1,1
P18827,1,0,1,1
P18850,0,1,1,1
P18858,1,1,1,1
P18887,1,1,1,1
P19021,1,1,1,1
P19022,0,1,1,1
P19338,1,1,1,1
P19484,0,1,1,0
P20020,1,0,1,1
P20042,1,1,1,1
P20073,0,1,1,1
P20226,1,0,1,1
P20290,1,1,1,1
P20337,1,0,1,1
P20393,1,0,1,1
P20618,1,1,1,1
P20700,1,1,1,1
P20809,0,1,1,0
P20810,1,1,1,1
P20962,0,1,1,1
P21127,0,1,1,1
P21266,0,1,1,1
P21291,1,0,1,1
P21333,1,1,1,1
P21359,0,1,1,1
P21399,1,0,1,1
P21583,1,0,0,1
P21731,1,0,1,0
P21796,1,1,1,1
P21964,1,0,1,1
P22059,1,1,1,1
P22087,1,0,1,1
P22102,1,0,1,1
P22223,1,0,1,1
P22234,1,1,1,1
P22307,1,0,1,1
P22314,1,1,1,1
P22392,1,0,1,1
P22626,1,0,1,1
P22695,1,1,1,1
P23193,1,1,1,1
P23246,1,1,1,1
P23258,1,0,1,1
P23381,1,1,1,1
P23396,1,1,1,1
P23497,1,0,1,1
P23508,0,1,1,0
P23526,1,1,1,1
P23527,1,0,1,1
P23528,1,1,1,1
P23588,1,1,1,1
P23634,1,1,1,1
P23921,1,1,1,1
P24385,1,1,1,1
P24534,1,1,1,1
P24844,1,1,1,1
P24928,1,1,1,1
P24941,1,0,1,1
P25116,1,0,1,0
P25205,1,1,1,1
P25398,1,0,1,0
P25440,0,1,1,0
P25490,1,1,1,1
P25685,1,1,1,1
P25686,1,1,1,1
P25705,1,0,1,1
P25786,1,1,1,1
P25787,1,1,1,1
P25788,1,1,1,1
P25788-2,1,0,0,1
P25789,1,1,1,1
P26006,1,0,1,1
P26038,1,1,1,1
P26232,1,0,1,1
P26358,1,1,1,1
P26368,1,1,1,1
P26373,1,1,1,1
P26447,1,1,1,1
P26583,1,0,1,1
P26599,1,0,1,1
P26639,0,1,1,1
P26641,1,1,1,1
P27037,1,0,1,1
P27105,0,1,1,0
P27348,1,1,1,1
P27361,1,1,1,1
P27448,1,0,1,1
P27540,1,1,1,0
P27635,1,1,1,1
P27694,1,0,1,1
P27695,1,0,1,1
P27708,1,1,1,1
P27797,1,0,1,1
P27816,1,1,1,1
P27824,1,1,1,1
P28066,1,1,1,1
P28070,1,1,1,1
P28074,1,1,1,1
P28288,0,1,1,1
P28290,1,1,1,1
P28340,1,0,1,1
P28482,1,1,1,1
P28562,0,1,1,1
P28715,1,1,1,0
P29084,0,1,1,0
P29317,1,0,1,1
P29353,0,1,1,1
P29373,0,1,1,1
P29401,1,1,1,1
P29590,1,1,1,1
P29692,1,1,1,1
P29803,1,0,1,0
P29966,1,1,1,1
P29992,1,1,1,1
P30041,1,1,1,1
P30044,1,1,1,0
P30044-2,1,0,0,1
P30050,1,1,1,1
P30085,1,0,1,1
P30086,1,1,1,1
P30153,1,1,1,1
P30291,0,1,1,0
P30419,1,1,1,1
P30519,1,0,1,1
P30566,0,1,1,1
P30622,0,1,1,0
P30626,1,0,1,1
P30825,1,0,1,1
P31150,1,0,1,1
P31153,1,1,1,1
P31350,1,1,1,1
P31431,1,0,1,1
P31629,1,0,1,1
P31689,1,1,1,1
P31939,1,0,1,1
P31942,1,0,1,1
P31943,1,0,1,1
P31946,1,1,1,1
P31946-2,1,0,0,1
P31947,1,1,1,1
P31947-2,1,0,0,1
P31948,1,1,1,1
P31949,1,1,1,1
P32119,1,1,1,1
P32969,1,1,1,1
P33176,1,1,1,1
P33316,0,1,1,1
P33527,1,0,1,1
P33552,1,0,1,1
P33778,1,0,1,1
P33897,0,1,1,1
P33991,1,0,1,1
P33993,1,1,1,1
P34931,1,0,1,1
P34932,1,1,1,1
P35080,1,0,1,1
P35221,1,1,1,1
P35222,1,0,1,1
P35241,1,1,1,1
P35244,1,0,1,1
P35249,1,0,1,1
P35251,1,1,1,1
P35268,1,1,1,1
P35269,1,1,1,1
P35579,1,1,1,1
P35580,1,1,1,1
P35606,1,1,1,1
P35611,1,1,1,1
P35613,1,1,1,1
P35613-2,1,0,0,1
P35658,1,1,1,0
P35659,1,1,1,1
P35998,1,1,1,1
P36404,1,1,1,1
P36405,1,0,1,1
P36507,1,0,1,1
P36551,1,0,1,1
P36578,1,1,1,1
P36871,1,1,1,1
P36915,1,1,1,0
P36956,1,0,1,1
P37108,1,1,1,1
P37268,1,1,1,1
P37837,1,1,1,1
P38159,1,0,1,1
P38432,1,0,1,1
P38919,1,1,1,1
P38936,1,0,1,1
P39019,1,1,1,1
P39023,1,1,1,1
P39656,1,0,1,1
P39687,1,0,1,1
P39748,1,1,1,1
P40123,1,0,1,0
P40222,1,1,1,1
P40227,1,1,1,1
P40425,1,0,1,0
P40429,1,0,1,1
P40617,1,0,1,1
P40763,1,1,1,1
P40818,1,1,1,1
P40855,1,0,1,1
P40925,0,1,1,1
P41091,1,1,1,1
P41134,1,0,1,1
P41162,0,1,1,0
P41208,1,1,1,1
P41212,1,1,1,0
P41223,1,0,1,1
P41227,1,1,1,1
P41236,1,1,1,0
P41250,1,1,1,1
P41252,1,1,1,1
P41567,1,1,1,1
P41743,0,1,1,1
P42166,1,1,1,1
P42167,1,1,1,1
P42566,1,1,1,1
P42568,1,0,1,0
P42677,1,1,1,1
P42684,1,1,1,0
P42695,1,0,1,1
P42766,1,1,1,1
P43003,1,0,1,1
P43034,1,0,1,1
P43121,1,0,1,1
P43243,1,1,1,1
P43357,1,0,0,1
P43487,1,1,1,1
P43686,1,0,1,1
P45880,0,1,1,1
P45973,1,0,1,1
P45974,1,1,1,1
P46013,1,1,1,1
P46060,1,1,1,1
P46063,0,1,1,1
P46087,1,1,1,1
P46100,1,0,1,1
P46379,1,0,1,1
P46734,1,0,1,1
P46776,1,1,1,1
P46777,1,1,1,1
P46778,1,1,1,1
P46779,1,1,1,1
P46781,1,1,1,1
P46782,1,0,1,1
P46783,1,1,1,1
P46821,1,1,1,1
P46926,1,0,1,1
P46934,0,1,1,1
P46937,1,1,1,1
P46939,1,1,1,1
P46940,1,1,1,1
P47712,1,1,1,1
P47755,1,1,1,1
P47813,1,1,0,1
P47895,1,0,1,1
P47914,1,1,1,1
P48200,1,0,1,1
P48201,1,0,1,0
P48426,0,1,1,1
P48436,1,0,1,1
P48449,1,1,1,1
P48556,1,0,1,1
P48634,1,1,1,1
P48643,1,1,1,1
P48651,1,1,1,1
P48681,1,0,1,1
P48729,1,1,1,1
P48730,0,1,1,0
P48739,0,1,1,1
P49006,1,0,1,1
P49023,1,1,1,1
P49189,1,0,1,1
P49207,1,1,1,1
P49247,1,0,1,0
P49257,1,0,1,1
P49321,1,1,1,1
P49327,1,1,1,1
P49366,1,0,1,1
P49368,1,1,1,1
P49427,1,1,1,1
P49454,1,1,1,1
P49458,1,1,1,1
P49585,1,1,1,1
P49588,1,1,1,1
P49590,1,0,1,1
P49703,1,0,1,1
P49720,1,1,1,1
P49721,1,1,1,1
P49736,1,1,1,1
P49756,1,1,1,1
P49761,0,1,1,1
P49770,0,1,1,1
P49773,1,1,1,1
P49790,1,1,1,1
P49792,1,1,1,1
P49795,1,0,1,1
P49815,1,0,1,1
P49840,1,0,1,1
P49915,1,1,1,1
P49916,1,1,1,1
P49959,0,1,1,1
P50148,1,1,1,1
P50395,0,1,1,1
P50402,1,1,1,1
P50416,1,1,1,1
P50453,1,0,1,1
P50502,1,1,1,1
P50548,1,1,1,1
P50552,1,0,1,1
P50613,1,0,1,1
P50616,1,0,1,0
P50750,1,1,1,1
P50914,1,1,1,1
P50990,1,1,1,1
P50991,1,1,1,1
P51114,1,1,1,1
P51116,1,1,1,1
P51148,0,1,1,1
P51149,1,1,1,1
P51153,1,1,1,1
P51397,1,0,1,1
P51452,0,1,1,1
P51531,1,0,1,1
P51532,1,0,1,1
P51572,1,1,1,1
P51608,1,0,1,1
P51610,1,1,1,1
P51665,1,1,1,1
P51809,1,1,1,1
P51809-3,1,0,0,1
P51812,1,1,1,1
P51858,1,1,1,1
P51955,0,1,1,1
P51965,1,0,1,1
P51970,1,0,1,1
P51991,1,1,1,1
P51991-2,1,0,0,1
P52209,1,1,1,1
P52272,1,0,1,1
P52272-2,1,0,1,1
P52292,1,1,1,1
P52298,1,0,1,1
P52565,1,1,1,1
P52594,1,1,1,1
P52597,1,1,1,1
P52701,1,1,1,1
P52732,0,1,1,1
P52756,1,1,1,0
P52788,1,1,1,1
P52789,0,1,1,1
P52799,1,0,1,1
P52907,1,1,1,1
P52948,1,1,1,1
P53350,0,1,1,1
P53396,1,1,1,1
P53611,1,1,1,1
P53618,0,1,1,1
P53621,1,1,1,1
P53667,0,1,1,0
P53680,1,0,1,1
P53801,1,0,1,1
P53814,1,0,1,0
P53816,0,1,1,1
P53985,1,1,1,1
P53992,1,0,1,1
P53999,1,1,1,1
P54105,1,1,1,1
P54136,0,1,1,1
P54252,1,0,1,1
P54274,1,1,1,1
P54577,1,0,1,1
P54578,1,0,1,1
P54725,1,0,1,1
P54727,1,1,1,1
P54920,0,1,1,1
P55010,0,1,1,1
P55011,1,0,1,1
P55036,0,1,1,1
P55061,0,1,0,1
P55072,1,1,1,1
P55081,1,1,1,1
P55085,1,0,1,1
P55209,0,1,1,1
P55210,1,0,1,0
P55263,1,0,1,1
P55265,1,1,1,1
P55291,0,1,1,1
P55327,1,1,1,1
P55769,1,0,1,1
P55795,0,1,1,1
P55884,1,1,1,1
P56192,1,1,1,1
P56211,1,0,1,1
P56282,1,0,1,1
P56524,0,1,1,0
P56545,1,0,1,0
P56945,1,1,1,1
P57088,1,0,1,1
P57682,0,1,1,0
P57735,1,0,1,1
P57740,1,1,1,1
P58107,1,1,1,1
P58546,1,0,1,1
P58876,1,1,1,1
P60174,1,1,1,1
P60228,1,1,1,1
P60468,1,1,1,0
P60604,1,1,0,1
P60709,1,1,1,1
P60842,1,1,1,1
P60866,1,1,1,1
P60903,1,0,1,1
P60953,1,1,1,1
P60981,1,1,1,1
P61006,1,0,1,1
P61011,1,1,1,1
P61019,1,1,1,1
P61020,1,1,1,0
P61026,1,1,1,1
P61073,1,1,1,1
P61077,1,1,1,1
P61081,1,1,1,1
P61086,1,1,1,1
P61088,1,1,1,1
P61106,0,1,1,1
P61158,1,1,1,1
P61160,1,1,1,1
P61201,1,1,1,1
P61204,1,0,1,1
P61221,1,0,1,1
P61244,1,1,1,0
P61247,1,1,1,1
P61254,1,1,1,1
P61289,1,1,1,1
P61296,1,0,1,1
P61313,1,1,1,1
P61326,0,1,1,1
P61353,1,1,1,1
P61513,1,1,1,1
P61586,1,1,1,1
P61803,1,0,1,1
P61927,1,0,1,1
P61956-2,1,0,0,0
P61962,1,1,1,1
P61964,1,0,1,1
P61970,1,0,0,1
P61978,1,1,1,1
P61981,1,1,1,1
P62081,1,1,1,1
P62136,1,1,1,1
P62140,1,0,1,1
P62191,1,1,1,1
P62195,1,1,1,1
P62241,1,1,1,1
P62244,1,1,1,1
P62249,1,1,1,1
P62253,1,0,1,1
P62258,1,1,1,1
P62263,1,1,1,1
P62266,1,1,1,1
P62269,1,1,1,1
P62273,0,1,1,1
P62277,1,1,1,1
P62280,1,1,1,1
P62304,1,1,1,1
P62308,0,1,1,1
P62316,1,1,1,1
P62318,0,1,1,1
P62328,1,1,1,1
P62330,1,1,1,1
P62333,1,0,1,1
P62424,1,1,1,1
P62491,1,0,1,1
P62495,1,1,1,1
P62701,1,1,1,1
P62714,1,0,1,1
P62745,1,1,1,0
P62750,1,1,1,1
P62753,1,1,1,1
P62805,1,0,1,1
P62807,1,1,1,1
P62820,1,1,1,1
P62829,1,1,1,1
P62837,1,0,1,1
P62841,1,0,1,1
P62851,1,1,1,1
P62854,0,1,1,0
P62857,1,1,1,1
P62873,1,0,1,1
P62877,1,1,1,1
P62879,1,0,1,1
P62888,1,0,1,1
P62891,1,0,0,1
P62899,0,1,1,1
P62906,1,1,1,1
P62913,1,1,1,1
P62913-2,1,0,0,1
P62917,1,1,1,1
P62937,1,1,1,1
P62942,1,0,1,1
P62979,1,1,1,1
P62987,1,0,1,1
P62993,1,1,1,1
P62995,1,1,1,1
P63000,1,1,1,1
P63010,1,0,1,1
P63092,0,1,1,1
P63096,1,1,1,1
P63104,1,1,1,1
P63151,1,1,1,1
P63165,0,1,1,1
P63167,0,1,1,1
P63173,1,1,1,1
P63208,1,0,1,1
P63218,1,0,1,1
P63220,0,1,1,1
P63241,1,1,1,1
P63244,1,1,1,1
P63261,1,0,1,1
P63279,0,1,1,1
P67775,1,1,1,1
P67775-2,1,0,0,0
P67809,1,1,1,1
P67870,0,1,1,1
P67936,1,1,1,1
P68036,1,1,1,1
P68104,1,1,1,1
P68366,0,1,1,1
P68371,1,1,1,1
P68400,1,0,1,1
P68402,0,1,1,1
P68431,1,0,1,1
P68543,0,1,1,1
P78316,1,0,1,1
P78317,1,0,1,0
P78332,1,0,1,0
P78344,1,1,1,1
P78346,1,0,1,1
P78347,1,1,1,1
P78362,0,1,1,1
P78371,1,1,1,1
P78395,1,0,1,1
P78412,1,0,1,0
P78417,1,1,1,1
P78504,1,0,1,1
P78527,1,1,1,1
P78527-2,1,0,0,1
P78536,1,0,1,1
P78559,1,1,1,0
P80723,1,1,1,0
P82094,1,0,1,1
P82970,1,0,1,0
P82979,1,0,1,1
P83369,0,1,1,0
P83731,1,1,1,1
P83916,1,0,1,1
P84022,0,1,1,1
P84077,0,1,1,1
P84090,1,1,1,1
P84095,1,1,1,1
P84098,1,0,1,1
P84101,1,1,1,0
P84103,1,1,1,1
P84243,1,0,1,1
P85037,1,1,1,0
P98082,1,1,1,0
P98170,1,1,1,1
P98175,1,1,1,0
P99999,1,0,1,1
Q00341,0,1,1,1
Q00403,1,0,1,1
Q00536,1,1,1,1
Q00537,1,0,1,1
Q00587,1,1,1,1
Q00610,1,1,1,1
Q00613,1,1,1,0
Q00653,1,0,1,1
Q00688,1,1,1,1
Q00765,1,1,1,1
Q00796,1,0,1,1
Q00839,1,1,1,1
Q00839-2,1,0,1,1
Q01082,1,1,1,1
Q01085,1,1,1,1
Q01105,1,0,1,1
Q01130,1,1,1,1
Q01167,0,1,1,0
Q01196,0,1,1,1
Q01469,1,1,1,1
Q01518,1,1,1,0
Q01581,0,1,1,1
Q01650,1,1,1,1
Q01664,1,1,1,1
Q01780,1,0,1,1
Q01813,1,1,1,1
Q01831,1,0,1,1
Q01844,1,0,1,1
Q01968,1,1,1,1
Q01970,1,0,1,1
Q02241,1,1,1,1
Q02447,1,0,1,1
Q02543,1,1,1,1
Q02790,1,1,1,1
Q02878,1,1,1,1
Q02880,1,0,1,1
Q02952,1,1,1,1
Q02952-3,1,0,0,1
Q03111,1,0,1,0
Q03135,1,1,1,1
Q03164,1,0,1,1
Q03169,0,1,1,0
Q03252,1,1,1,1
Q03393,0,1,1,1
Q03468,1,0,1,1
Q03518,1,0,1,1
Q03519,0,1,1,1
Q03701,1,0,1,1
Q03933,1,1,1,1
Q04323,1,1,1,1
Q04446,1,0,1,1
Q04637,1,1,1,1
Q04721,1,0,1,1
Q04726,1,1,1,1
Q04760,1,0,1,0
Q04917,1,1,1,1
Q05086,1,1,1,1
Q05086-2,1,0,0,1
Q05209,1,1,1,0
Q05397,0,1,1,0
Q05519,1,1,1,1
Q05655,1,1,1,1
Q05682,1,1,1,0
Q05D32,1,0,1,0
Q06210,1,0,1,1
Q06265,1,1,1,1
Q06413,0,1,1,0
Q06481,1,1,1,1
Q06546,1,0,1,1
Q06830,1,1,1,1
Q07002,1,0,1,1
Q07065,1,0,1,1
Q07157,1,1,1,1
Q07352,1,0,1,1
Q07666,1,1,1,1
Q07812,1,1,1,1
Q07817,1,0,1,1
Q07820,1,1,1,1
Q07820-2,1,0,0,1
Q07866,1,1,1,1
Q07955,1,1,1,1
Q07960,1,1,1,1
Q08170,1,0,1,1
Q08174,1,0,1,1
Q08209,1,0,1,1
Q08211,1,1,1,1
Q08345,1,0,1,1
Q08345-2,1,0,0,1
Q08357,1,0,1,1
Q08499,0,1,1,0
Q08752,1,0,1,1
Q08945,1,1,1,1
Q08AD1,1,1,1,0
Q08AE8,0,1,1,0
Q08AF3,1,0,1,1
Q08J23,1,1,1,1
Q09161,1,0,1,1
Q09666,1,1,1,1
Q0JRZ9,1,1,1,1
Q0ZGT2,1,0,1,0
Q10567,1,0,1,1
Q12766,0,1,1,1
Q12768,1,0,1,1
Q12769,1,1,1,1
Q12772,1,0,1,1
Q12774,1,0,1,1
Q12788,1,0,1,1
Q12789,1,0,1,1
Q12797,1,1,1,1
Q12802,1,1,1,1
Q12830,1,0,1,1
Q12834,0,1,1,1
Q12846,1,1,1,1
Q12857,0,1,1,0
Q12873,1,1,1,0
Q12888,1,1,1,1
Q12893,1,0,1,1
Q12899,0,1,1,1
Q12905,1,1,1,1
Q12906,1,1,1,1
Q12907,1,0,1,1
Q12933,1,1,1,1
Q12959,1,0,1,1
Q12965,1,1,1,1
Q12981,1,1,1,1
Q12982,1,1,1,1
Q12986,1,0,1,1
Q12996,1,1,1,1
Q13015,0,1,1,1
Q13017,1,1,1,0
Q13033,1,0,1,1
Q13045,1,1,1,1
Q13049,1,1,1,1
Q13057,1,0,1,1
Q13085,1,1,1,1
Q13098,1,1,1,1
Q13111,1,0,1,0
Q13112,1,1,1,1
Q13114,1,0,1,1
Q13131,1,0,1,1
Q13136,1,1,1,0
Q13137,0,1,1,1
Q13148,1,1,1,1
Q13151,1,0,1,1
Q13155,0,1,1,1
Q13177,1,1,1,1
Q13185,1,0,1,1
Q13200,1,1,1,1
Q13242,1,1,1,1
Q13247,1,1,1,1
Q13257,0,1,1,1
Q13263,1,1,1,1
Q13263-2,1,0,0,1
Q13277,1,0,1,1
Q13283,1,1,1,1
Q13286,1,0,1,1
Q13309,1,0,1,1
Q13310,1,0,1,1
Q13322,1,0,1,0
Q13347,1,1,1,1
Q13371,1,0,1,0
Q13404,0,1,1,0
Q13416,1,0,1,0
Q13418,1,0,1,1
Q13425,1,1,1,1
Q13426,1,0,1,1
Q13426-3,1,0,0,1
Q13427,1,1,1,0
Q13428,1,1,1,0
Q13433,1,0,1,1
Q13435,1,1,1,1
Q13439,1,0,1,1
Q13442,1,1,1,1
Q13443,1,0,1,1
Q13451,1,0,1,1
Q13459,1,1,1,0
Q13470,1,1,1,1
Q13492,0,1,1,1
Q13501,1,1,1,1
Q13501-2,1,0,0,1
Q13505,1,0,1,1
Q13523,1,1,1,0
Q13526,1,0,1,1
Q13535,1,1,1,1
Q13541,1,1,1,1
Q13547,1,1,1,1
Q13561,0,1,1,1
Q13564,0,1,1,1
Q13573,1,1,1,0
Q13576,1,1,1,1
Q13586,1,0,1,1
Q13595,1,0,1,1
Q13595-2,1,0,0,1
Q13601,0,1,1,1
Q13610,0,1,1,1
Q13616,1,1,1,1
Q13618,1,1,1,1
Q13619,1,1,1,1
Q13620,1,0,1,0
Q13625,1,0,1,1
Q13627,0,1,1,0
Q13630,1,0,1,1
Q13643,0,1,1,1
Q13671,1,0,1,1
Q13740,1,0,1,1
Q13751,1,0,1,1
Q13765,1,0,1,1
Q13794,1,0,1,1
Q13813,1,0,1,1
Q13829,1,1,1,1
Q13838,1,1,1,1
Q13888,1,0,1,1
Q13889,1,0,1,1
Q13895,1,1,1,1
Q13936,1,0,1,0
Q14004,0,1,1,0
Q14019,1,1,1,0
Q14103,1,1,1,1
Q14103-3,1,0,0,1
Q14116,1,0,1,1
Q14118,1,1,1,1
Q14126,1,0,1,1
Q14135,1,1,1,0
Q14137,1,1,1,1
Q14139,1,0,1,1
Q14149,1,0,1,1
Q14151,1,1,1,1
Q14152,1,1,1,1
Q14155,1,1,1,1
Q14156,0,1,1,1
Q14157,1,1,1,1
Q14160,1,1,1,1
Q14166,1,1,1,1
Q14181,0,1,1,1
Q14195,1,1,1,0
Q14204,1,1,1,1
Q14244,1,1,1,0
Q14247,1,1,1,1
Q14258,1,1,1,1
Q14315,1,0,1,0
Q14318,0,1,1,1
Q14331,1,1,1,0
Q14344,1,1,1,1
Q14432,1,1,1,0
Q14444,0,1,1,1
Q14498,1,1,1,1
Q14517,1,0,1,1
Q14527,1,0,1,1
Q14534,0,1,1,1
Q14558,1,0,1,1
Q14566,1,0,1,1
Q14568,1,0,1,1
Q14573,1,0,1,1
Q14592,1,0,1,1
Q14596,0,1,1,1
Q14644,0,1,1,1
Q14651,1,0,1,1
Q14657,1,0,0,1
Q14669,1,1,1,1
Q14671,1,1,1,1
Q14676,1,0,1,1
Q14677,1,1,1,1
Q14680,1,0,1,1
Q14683,1,0,1,1
Q14684,1,1,1,1
Q14690,1,0,1,1
Q14692,1,0,1,1
Q14694,1,1,1,1
Q14697,1,0,1,1
Q14738,1,1,1,1
Q14739,1,0,1,1
Q14764,1,1,1,1
Q14839,1,0,1,1
Q14847,1,1,1,1
Q14934,0,1,1,0
Q14938,0,1,1,0
Q14966,1,0,1,1
Q14974,1,1,1,1
Q14978,1,1,1,1
Q14980,1,1,1,1
Q14C86,1,1,1,0
Q14CX7,1,0,1,1
Q15003,1,0,1,1
Q15012,0,1,1,1
Q15014,1,0,1,1
Q15019,1,1,1,1
Q15020,0,1,1,1
Q15022,1,0,1,1
Q15024,1,0,1,1
Q15025,1,0,1,1
Q15029,1,1,1,1
Q15032,0,1,1,0
Q15036,1,0,1,1
Q15040,1,0,1,1
Q15047,1,0,1,1
Q15050,1,1,1,0
Q15054,1,1,1,0
Q15058,0,1,1,1
Q15059,0,1,1,0
Q15061,1,1,1,1
Q15084,1,0,1,1
Q15121,1,1,1,1
Q15149,1,1,1,1
Q15154,1,1,1,1
Q15155,1,0,1,1
Q15181,1,1,1,1
Q15185,1,1,1,1
Q15233,1,1,1,1
Q15262,1,0,1,0
Q15286,1,0,1,1
Q15311,0,1,1,1
Q15345,1,0,1,1
Q15365,1,1,1,1
Q15366,1,1,1,1
Q15369,1,0,1,1
Q15388,1,1,1,1
Q15392,1,1,1,1
Q15393,1,0,1,1
Q15404,1,0,1,1
Q15417,1,0,1,1
Q15418,1,1,1,1
Q15424,1,0,1,1
Q15435,1,1,1,1
Q15437,1,0,1,1
Q15459,1,1,1,1
Q15477,1,1,1,1
Q15527,1,1,1,0
Q15532,1,0,1,0
Q15545,0,1,1,1
Q15554,1,1,1,1
Q15631,1,0,1,1
Q15637,1,1,1,1
Q15637-4,1,0,0,1
Q15642,1,1,1,1
Q15648,1,1,1,0
Q15651,1,0,1,1
Q15654,1,0,1,0
Q15691,1,1,1,1
Q15696,1,0,1,0
Q15714,1,0,1,1
Q15717,1,1,1,1
Q15738,1,0,1,1
Q15751,1,1,1,1
Q15758,1,1,1,1
Q15773,1,1,1,0
Q15785,1,1,1,1
Q15800,1,1,1,1
Q15811,1,0,1,1
Q15819,1,1,1,1
Q15836,0,1,1,1
Q15843,0,1,1,1
Q15847,1,0,1,1
Q15907,1,0,1,1
Q15942,1,1,1,1
Q16181,1,1,1,0
Q16186,1,1,1,1
Q16204,1,1,1,1
Q16222,1,0,1,1
Q16401,1,1,1,1
Q16512,0,1,1,1
Q16513,1,1,1,1
Q16514,1,0,1,0
Q16531,1,1,1,1
Q16543,1,1,1,1
Q16555,1,0,1,1
Q16576,1,0,1,1
Q16594,1,0,1,1
Q16629,1,0,1,1
Q16630,1,0,1,1
Q16637,1,1,1,1
Q16643,1,1,1,1
Q16658,0,1,1,1
Q16719,0,1,1,1
Q16763,1,1,1,1
Q16777,1,0,1,1
Q16778,1,1,1,1
Q16850,1,0,1,1
Q16881,1,0,1,1
Q16890,0,1,1,0
Q1KMD3,1,1,1,1
Q27J81,1,0,1,1
Q29RF7,1,0,1,1
Q2KHR3,0,1,1,1
Q2M2I8,1,0,1,0
Q2M389,1,0,1,1
Q2TAY7,1,0,1,1
Q2TBE0,0,1,1,0
Q32MZ4,1,1,1,0
Q32P44,1,1,1,1
Q32Q12,1,0,0,1
Q3B726,1,0,1,0
Q3KQU3,1,1,1,1
Q3L8U1,0,1,1,1
Q3MHD2,1,0,1,1
Q3SXM5,1,1,1,1
Q3YEC7,1,1,1,0
Q49A26,1,0,1,1
Q4G0J3,1,1,1,0
Q4J6C6,1,0,1,1
Q4KMP7,0,1,1,0
Q4KMQ2,1,0,1,1
Q4LE39,0,1,1,0
Q4VC31,0,1,1,1
Q52LW3,1,0,1,1
Q53EL6,1,1,1,1
Q53ET0,0,1,1,1
Q53EZ4,0,1,1,1
Q53GA4,1,0,1,1
Q53GQ0,1,0,1,1
Q53GS9,1,1,1,0
Q53LP3,0,1,1,1
Q53SF7,0,1,1,0
Q56NI9,0,1,1,1
Q56P03,1,1,1,1
Q58FF6,1,0,1,1
Q58FF8,1,0,1,1
Q58WW2,1,1,1,1
Q5BIX2,0,1,0,0
Q5BJD5,1,0,1,1
Q5BKZ1,1,0,1,1
Q5F1R6,1,0,1,0
Q5HYJ3,0,1,1,1
Q5JSH3,1,1,1,1
Q5JSZ5,1,1,1,1
Q5JTD0,1,1,1,0
Q5JTV8,1,0,1,1
Q5JVF3,1,0,1,1
Q5JVS0,0,1,1,0
Q5M775,1,0,1,1
Q5MNZ6,1,0,1,1
Q5QJE6,1,0,1,1
Q5QNW6,1,0,1,1
Q5QNY5,0,1,0,1
Q5SNT2,1,0,1,1
Q5SRE5,1,1,1,1
Q5SRQ6,1,0,1,1
Q5SSJ5,1,1,1,1
Q5SW79,1,1,1,0
Q5T0N5,1,1,1,1
Q5T0W9,1,0,1,0
Q5T1M5,1,1,1,1
Q5T200,1,1,1,0
Q5T4S7,1,1,1,1
Q5T5C0,1,1,1,0
Q5T5H1,1,0,1,1
Q5T5P2,0,1,1,0
Q5T5U3,1,0,1,0
Q5T5Y3,1,1,1,1
Q5T6F2,0,1,1,1
Q5T8P6,1,1,1,1
Q5T9A4,1,0,1,0
Q5TAQ9,1,0,1,1
Q5TC63,1,0,1,1
Q5TDH0,1,1,1,1
Q5TGY3,1,0,1,0
Q5U5Q3,0,1,1,1
Q5UIP0,1,1,1,1
Q5VSL9,1,1,1,1
Q5VT52,1,1,1,1
Q5VTB9,1,0,1,1
Q5VTL8,1,1,1,0
Q5VTR2,1,1,1,1
Q5VV41,1,1,1,0
Q5VV42,0,1,1,1
Q5VVJ2,1,0,1,1
Q5VVQ6,1,1,1,1
Q5VVW2,1,0,1,0
Q5VW32,1,0,1,1
Q5VW36,1,0,1,1
Q5VWC4,1,1,1,1
Q5VWQ8,1,0,1,0
Q5VZ89,1,1,1,1
Q5VZK9,1,0,1,1
Q5VZL5,1,1,1,1
Q5W0H4,0,1,0,1
Q5XPI4,1,1,1,1
Q5XUX1,0,1,1,1
Q63HN8,1,0,1,1
Q63ZY3,1,1,1,1
Q641Q2,1,0,1,0
Q658P3,1,1,1,1
Q66GS9,0,1,1,1
Q66K74,0,1,1,1
Q66PJ3,1,1,1,0
Q68CZ2,1,1,1,0
Q68CZ6,1,0,1,1
Q68D91,1,0,1,1
Q68EM7,1,1,1,0
Q69YN4,1,1,1,1
Q6AI08,1,1,1,1
Q6DKI1,0,1,1,1
Q6DKJ4,1,0,1,1
Q6EMK4,1,0,1,1
Q6FI13,1,0,1,1
Q6FI81,1,0,1,1
Q6GQQ9,1,1,1,1
Q6GYQ0,1,1,1,0
Q6I9Y2,0,1,1,1
Q6IA86,0,1,1,1
Q6IAA8,1,0,1,1
Q6IBW4,0,1,1,1
Q6ICB0,1,1,1,1
Q6ICG6,1,1,1,1
Q6IN85,0,1,1,1
Q6IQ22,1,0,1,1
Q6KC79,1,1,1,0
Q6L8Q7,1,1,1,1
Q6MZP7,0,1,1,1
Q6NUK4,1,0,1,1
Q6NWY9,1,0,1,0
Q6NXG1,1,0,1,1
Q6NYC8,1,0,1,0
Q6NZI2,1,1,1,1
Q6P0Q8,0,1,1,0
Q6P158,1,1,1,0
Q6P1J9,1,1,1,1
Q6P1M0,0,1,1,1
Q6P1M3,1,0,1,1
Q6P1N0,1,0,1,0
Q6P2D0,1,0,1,1
Q6P2E9,1,0,1,1
Q6P2Q9,1,0,1,1
Q6P3S6,1,0,1,1
Q6P452,1,0,0,1
Q6P6C2,1,1,1,1
Q6P996,1,0,1,1
Q6P9B6,1,0,1,1
Q6PCD5,0,1,1,1
Q6PCE3,0,1,1,0
Q6PD62,1,1,1,1
Q6PH81,1,0,1,0
Q6PID6,1,1,1,1
Q6PJF5,1,0,1,1
Q6PJG2,1,1,1,1
Q6PJG6,1,0,1,1
Q6PJT7,1,1,1,1
Q6PKG0,1,1,1,1
Q6PL18,1,0,1,1
Q6QNY0,0,1,1,0
Q6R327,1,1,1,1
Q6RI45,1,0,1,1
Q6S8J3,1,0,1,1
Q6SPF0,1,0,1,0
Q6UN15,1,1,1,1
Q6UUV7,1,1,1,0
Q6UX71,1,0,1,0
Q6UXN9,1,0,1,1
Q6V0I7,1,0,1,0
Q6VMQ6,1,1,1,1
Q6VN20,0,1,1,1
Q6W2J9,0,1,1,1
Q6WCQ1,1,1,1,1
Q6XZF7,1,0,1,1
Q6Y1H2,1,1,1,0
Q6Y7W6,1,1,1,0
Q6ZMU5,1,0,1,0
Q6ZN18,0,1,1,1
Q6ZNB6,1,0,1,0
Q6ZNJ1,1,0,1,1
Q6ZRS2,1,0,1,1
Q6ZRV2,1,1,1,1
Q6ZSR9,1,0,1,0
Q6ZSS7,1,0,1,0
Q6ZSZ5,1,0,1,0
Q6ZUM4,1,0,1,1
Q6ZUT6,0,1,1,0
Q6ZVM7,1,0,1,1
Q70CQ2,1,1,1,1
Q70E73,0,1,1,1
Q71F56,1,0,1,1
Q71RC2,1,1,1,1
Q71RG4,1,0,1,1
Q71U36,0,1,1,1
Q7KYR7,1,0,1,1
Q7KZ85,1,0,1,1
Q7KZF4,1,1,1,1
Q7KZI7,1,1,1,1
Q7L014,1,1,1,1
Q7L1Q6,1,1,1,1
Q7L2H7,1,1,1,1
Q7L2J0,1,1,1,1
Q7L4I2,1,1,1,0
Q7L576,1,0,1,1
Q7L7X3,1,0,1,1
Q7L8J4,1,1,1,0
Q7LBC6,1,0,1,1
Q7LBR1,1,1,1,1
Q7RTV0,1,0,1,0
Q7Z2W4,1,1,1,1
Q7Z309,1,1,1,0
Q7Z333,0,1,1,1
Q7Z3C6,1,1,1,1
Q7Z3K3,1,0,1,1
Q7Z3T8,1,0,1,1
Q7Z417,1,1,1,1
Q7Z422,1,1,1,0
Q7Z460,1,1,1,1
Q7Z478,0,1,1,1
Q7Z4G1,0,1,0,1
Q7Z4H7,1,1,1,1
Q7Z4S6,1,1,1,0
Q7Z4V5,1,1,1,1
Q7Z569,1,0,1,1
Q7Z5K2,1,1,1,0
Q7Z5L9,1,1,1,0
Q7Z6E9,1,1,1,1
Q7Z6J0,1,0,1,1
Q7Z6Z7,1,1,1,1
Q7Z6Z7-2,1,0,0,1
Q7Z7H5,0,1,1,1
Q86SQ0,1,0,1,0
Q86TB9,1,1,1,0
Q86TC9,0,1,1,0
Q86TG7,1,1,1,1
Q86U06,0,1,1,1
Q86U42,1,0,1,1
Q86U86,1,0,1,1
Q86U90,0,1,1,1
Q86UE4,1,1,1,1
Q86UP2,1,1,1,1
Q86UP2-2,1,0,0,1
Q86UU0,0,1,1,0
Q86UU1,1,1,1,0
Q86V48,1,1,1,0
Q86V81,0,1,1,1
Q86VM9,1,1,1,0
Q86VQ1,0,1,1,0
Q86W50,1,0,1,0
Q86W92,1,0,1,1
Q86WB0,1,1,1,1
Q86WC4,0,1,1,1
Q86WR7,1,1,1,0
Q86X02,0,1,1,0
Q86X55,1,1,1,1
Q86XL3,1,1,1,1
Q86XP3,0,1,1,0
Q86Y82,1,0,1,1
Q86YD1,1,0,1,1
Q86YP4,1,0,1,1
Q86YS7,1,1,1,0
Q86YT6,1,0,1,1
Q8IU81,1,1,1,1
Q8IUD2,1,0,1,0
Q8IUF8,1,0,1,1
Q8IV08,0,1,1,1
Q8IV50,0,1,1,0
Q8IV63,1,0,1,1
Q8IVF2,1,1,1,1
Q8IVM0,1,1,1,1
Q8IVT2,1,1,1,0
Q8IVT5,1,1,1,0
Q8IWA0,1,0,1,1
Q8IWA4,1,0,1,1
Q8IWA5,1,0,1,1
Q8IWC1,0,1,1,1
Q8IWS0,1,1,1,0
Q8IWT3,1,0,1,1
Q8IWV8,1,1,1,1
Q8IWV8-4,1,0,0,1
Q8IWW6,1,1,1,1
Q8IWX8,0,1,1,1
Q8IWZ3,0,1,1,0
Q8IWZ8,1,0,1,0
Q8IX12,1,0,1,1
Q8IXI2,1,0,1,1
Q8IXJ6,1,0,1,1
Q8IXJ9,1,0,1,1
Q8IXM2,1,0,1,0
Q8IXQ4,1,1,1,0
Q8IXT5,1,0,1,0
Q8IY18,1,0,1,1
Q8IY22,1,1,1,0
Q8IY33,0,1,1,0
Q8IY37,1,0,1,0
Q8IY63,1,0,1,1
Q8IY67,1,1,1,0
Q8IY81,0,1,1,1
Q8IY95-2,1,0,0,1
Q8IYB3,1,1,1,1
Q8IYN2,1,0,0,1
Q8IYT2,1,0,1,1
Q8IYW5,1,1,1,1
Q8IZ07,1,1,1,1
Q8IZ21,1,1,1,0
Q8IZ52,1,0,1,1
Q8IZ73,1,1,1,0
Q8IZL8,1,0,1,0
Q8IZP0,1,0,1,0
Q8IZT6,0,1,1,1
Q8N0X7,0,1,1,1
Q8N122,1,1,1,1
Q8N163,0,1,1,1
Q8N183,1,1,1,1
Q8N1F8,1,0,1,1
Q8N1G0,1,1,1,0
Q8N1G4,1,0,1,0
Q8N2M8,1,1,1,0
Q8N302,0,1,1,0
Q8N3C0,1,1,1,1
Q8N3D4,1,0,1,1
Q8N3E9,1,0,1,1
Q8N3F8,1,1,1,0
Q8N3U4,0,1,1,1
Q8N3V7,1,1,1,0
Q8N3X1,1,1,1,0
Q8N4C8,1,1,1,0
Q8N4S0,1,0,1,0
Q8N4U5,1,0,1,0
Q8N511,0,1,1,1
Q8N531,1,0,1,1
Q8N556,0,1,1,0
Q8N5F7,1,1,1,0
Q8N5G2,1,0,1,1
Q8N5K1,0,1,1,1
Q8N5M9,1,0,1,0
Q8N5U6,1,0,1,1
Q8N5Y2,1,1,1,1
Q8N684,1,0,1,1
Q8N6H7,1,1,1,1
Q8N6M0,1,0,1,1
Q8N6N3,1,0,1,1
Q8N7R7,1,0,1,1
Q8N806,1,0,1,1
Q8N884,0,1,1,1
Q8N8A6,1,0,1,1
Q8N9N7,1,0,1,1
Q8N9T8,1,0,1,0
Q8N9Z2,1,0,1,1
Q8NAF0,1,0,1,0
Q8NAP3,1,0,1,1
Q8NAV1,1,1,1,1
Q8NB14,1,0,1,1
Q8NB16,0,1,1,0
Q8NB74,0,1,0,1
Q8NB90,1,0,1,1
Q8NBN3,1,0,1,1
Q8NBQ5,1,0,1,1
Q8NBR6,1,0,1,1
Q8NBU5,1,0,1,1
Q8NC44,1,0,1,0
Q8NC51,1,1,1,1
Q8NC56,1,0,1,1
Q8NCD3,1,1,1,1
Q8NCF5,1,1,1,1
Q8NCN4,0,1,1,1
Q8ND56,1,1,1,1
Q8ND76,1,0,1,0
Q8ND82,1,0,1,1
Q8ND90,0,1,1,1
Q8NDC0,0,1,1,0
Q8NDI1,0,1,1,1
Q8NDT2,1,1,1,0
Q8NDX6,1,0,1,1
Q8NE01,1,0,1,1
Q8NE71,1,1,1,1
Q8NEF9,1,1,1,1
Q8NEL9,1,1,1,1
Q8NEM0,1,0,1,0
Q8NEN9,1,0,1,1
Q8NEY1,1,1,1,0
Q8NEY8,1,1,1,1
Q8NFC6,1,1,1,1
Q8NFH5,1,1,1,1
Q8NFJ5,1,1,1,1
Q8NHG8,1,1,1,0
Q8NHP6,1,0,1,1
Q8NHQ9,1,1,1,1
Q8NI08,1,1,1,0
Q8NI27,0,1,1,1
Q8TAA9,1,0,1,1
Q8TAA9-2,1,0,0,1
Q8TAD8,1,1,1,0
Q8TAF3,1,0,1,1
Q8TAM1,1,0,1,1
Q8TAP8,1,1,1,0
Q8TAQ2,1,1,1,1
Q8TAT6,1,1,1,0
Q8TB40,0,1,1,1
Q8TB72,1,1,1,1
Q8TBA6,1,0,1,0
Q8TBC4,1,1,1,1
Q8TC07,1,1,1,1
Q8TC12,1,1,1,1
Q8TCJ2,1,1,1,1
Q8TCT9,1,1,1,1
Q8TCU4,0,1,1,1
Q8TD16,1,0,1,0
Q8TD19,1,1,1,1
Q8TD55,1,0,1,1
Q8TDB6,1,1,1,1
Q8TDC0,1,0,1,0
Q8TDD1,1,0,1,0
Q8TDM6,1,1,1,1
Q8TDZ2,0,1,1,1
Q8TEA8,0,1,1,0
Q8TED0,0,1,1,1
Q8TEQ6,1,0,1,1
Q8TER5,0,1,1,1
Q8TEU7,1,1,1,0
Q8TEV9,1,1,1,1
Q8TEW0,0,1,1,0
Q8TF01,1,0,1,0
Q8TF42,1,1,1,1
Q8TF74,1,0,1,0
Q8WU90,1,1,1,1
Q8WUA2,1,1,1,1
Q8WUA4,1,1,1,0
Q8WUF5,1,1,1,1
Q8WUI4,1,1,1,1
Q8WUM0,1,1,1,1
Q8WUM4,1,1,1,1
Q8WUM9,1,0,1,1
Q8WUN7,1,0,1,1
Q8WUW1,0,1,1,1
Q8WUX9,1,0,1,0
Q8WV16,1,0,1,1
Q8WV24,1,0,1,1
Q8WVB6,1,1,1,1
Q8WVC0,1,1,1,1
Q8WVC6,1,0,1,1
Q8WVM8,1,0,1,1
Q8WW12,1,0,1,0
Q8WWI1,1,1,1,0
Q8WWM7,1,1,1,1
Q8WWQ0,1,0,1,1
Q8WX92,1,1,1,1
Q8WX93,1,1,1,1
Q8WXE1,1,1,1,1
Q8WXG6,1,0,1,1
Q8WXI9,0,1,1,1
Q8WXW3,1,1,1,1
Q8WXX5,1,1,1,1
Q8WY22,1,0,1,1
Q8WY36,0,1,1,0
Q8WYA6,0,1,1,0
Q8WYP5,1,1,1,1
Q92466,1,1,1,1
Q92499,1,0,1,1
Q92504,1,0,1,1
Q92508,1,1,1,1
Q92522,1,0,1,1
Q92538,1,1,1,1
Q92541,0,1,1,1
Q92545,1,0,1,1
Q92547,0,1,1,1
Q92560,0,1,1,1
Q92564,1,0,1,0
Q92572,1,0,1,1
Q92574,0,1,1,1
Q92575,1,1,1,1
Q92576,1,1,1,1
Q92597,1,1,1,1
Q92598,1,1,1,1
Q92609,1,0,1,1
Q92613,1,0,1,0
Q92614,1,0,1,0
Q92615,1,1,1,1
Q92616,1,1,1,1
Q92619,1,0,1,0
Q92621,1,1,1,1
Q92667,1,0,1,1
Q92685,1,0,1,1
Q92688,1,0,1,1
Q92733,1,1,1,0
Q92734,1,1,1,1
Q92769,1,1,1,1
Q92783,1,1,1,1
Q92797,1,1,1,1
Q92844,1,0,1,1
Q92870,1,0,1,1
Q92871,1,0,1,1
Q92882,1,0,1,1
Q92887,1,0,1,1
Q92890,1,1,1,1
Q92900,1,1,1,1
Q92905,1,1,1,1
Q92922,1,1,1,1
Q92925,1,0,1,0
Q92945,1,1,1,1
Q92973,1,0,1,1
Q92974,1,0,1,1
Q92979,1,1,1,1
Q92995,1,0,1,1
Q93008,1,1,1,1
Q93009,1,1,1,1
Q93034,1,1,1,1
Q93077,1,0,1,1
Q93096,1,0,1,1
Q969E2-2,1,0,0,1
Q969G3,1,0,1,1
Q969G5,1,0,1,1
Q969Q0,1,0,1,0
Q969T4,1,0,1,1
Q969U7,1,1,1,1
Q969V5,1,0,1,1
Q969V6,1,1,1,0
Q96A33,1,0,0,1
Q96A49,1,1,1,1
Q96A57,1,1,1,1
Q96A65,1,0,1,1
Q96A72,1,0,1,1
Q96AC1,1,1,1,1
Q96AD5,1,0,1,1
Q96AG4,1,0,1,1
Q96AJ9,1,1,1,1
Q96AP4,1,0,1,1
Q96AQ6,1,0,1,1
Q96AT1,1,0,1,0
Q96AY4,1,0,1,1
Q96B23,1,0,1,0
Q96B36,1,1,1,0
Q96B97,1,1,1,0
Q96BH1,0,1,1,1
Q96BY9,1,0,1,1
Q96C19,1,0,1,1
Q96C86,1,0,1,1
Q96C92,0,1,1,1
Q96CG3,1,0,1,1
Q96CS3,1,1,1,1
Q96CX2,1,1,1,1
Q96CX6,1,1,1,1
Q96D46,1,1,1,1
Q96DB2,1,0,1,1
Q96DC9,1,0,0,1
Q96DH6,1,0,1,1
Q96DX7,1,0,1,1
Q96E09,1,1,1,0
Q96EA4,1,1,1,0
Q96EB6,1,1,1,1
Q96EE3,0,1,1,1
Q96EI5,1,0,1,1
Q96EK4,0,1,1,1
Q96EN8,0,1,1,1
Q96EP0,1,0,1,1
Q96EP5,1,0,1,1
Q96EV2,1,1,1,0
Q96F44,1,1,1,1
Q96FJ0,1,1,1,0
Q96FQ6,1,0,1,1
Q96FS4,1,0,1,0
Q96FZ7,1,0,1,0
Q96G03,0,1,1,1
Q96G28,1,0,1,1
Q96G74,1,1,1,1
Q96GA3,1,0,1,1
Q96GD4,0,1,1,1
Q96GF1,1,0,1,1
Q96GG9,1,0,1,1
Q96GM8,1,1,1,1
Q96GS6,1,0,1,1
Q96GX9,1,0,1,0
Q96H12,0,1,1,0
Q96H20,0,1,1,1
Q96HA1,1,0,1,1
Q96HC4,1,1,1,1
Q96HR8,1,1,1,1
Q96HS1-2,1,0,0,1
Q96I24,0,1,1,1
Q96I25,1,1,1,0
Q96IF1,1,1,1,0
Q96IV0,1,0,1,1
Q96IX5,1,1,1,1
Q96IZ0,1,1,1,1
Q96J01,1,0,1,1
Q96J02,1,1,1,1
Q96JB1,1,0,1,0
Q96JC9,0,1,1,0
Q96JG6,0,1,1,1
Q96JH7,1,1,1,1
Q96JK2,1,0,1,1
Q96JM3,1,1,1,1
Q96JM7,1,0,1,1
Q96JM7-2,1,0,0,1
Q96JN8,1,0,1,1
Q96JP5,0,1,1,1
Q96JX3,1,0,1,0
Q96K17,1,0,1,1
Q96K21,1,1,1,0
Q96K37,1,0,1,1
Q96K76,1,1,1,1
Q96KC8,0,1,1,0
Q96KR1,1,0,1,1
Q96L91,1,0,1,1
Q96LD4,1,0,1,1
Q96MU7,1,0,1,0
Q96N67,1,0,1,1
Q96NC0,1,0,1,0
Q96P11,1,0,1,0
Q96P48,1,0,1,0
Q96PE2,1,0,1,0
Q96PK6,1,0,1,1
Q96PU4,1,0,1,1
Q96PU5,1,1,1,1
Q96PY6,1,0,1,0
Q96Q15,0,1,1,1
Q96Q42,1,1,1,1
Q96Q89,0,1,1,1
Q96QC0,1,1,1,1
Q96QD8,1,0,1,1
Q96QK8,1,0,0,1
Q96QR8,1,1,1,0
Q96QU8,1,0,1,1
Q96RD7,1,0,1,1
Q96RG5,0,1,0,1
Q96RK0,1,1,1,0
Q96RL1,1,0,1,1
Q96RL7,1,1,1,1
Q96RL7-4,1,0,0,1
Q96RQ1,1,0,1,1
Q96RS0,0,1,1,1
Q96RU3,0,1,1,1
Q96RU8,1,0,1,1
Q96S21,1,0,1,0
Q96S44,1,0,1,1
Q96S55,1,1,1,1
Q96S66,1,0,1,1
Q96S82,1,1,1,1
Q96SB3,1,0,1,1
Q96SB4,1,0,1,0
Q96SK2,1,0,1,0
Q96ST2,1,1,1,1
Q96T17,0,1,1,1
Q96T23,1,0,1,1
Q96T37,1,1,1,0
Q96T58,1,0,1,1
Q96T60,1,0,1,0
Q96T88,1,0,1,1
Q96TA1,1,1,1,1
Q96TC7,1,0,1,0
Q99081,1,1,1,0
Q99417,0,1,1,1
Q99426,1,0,1,1
Q99436,1,1,1,1
Q99442,1,0,1,1
Q99459,0,1,1,1
Q99460,1,1,1,1
Q99471,1,1,1,1
Q99523,1,0,1,0
Q99536,1,0,1,1
Q99543,1,1,1,1
Q99549,1,0,1,1
Q99567,1,1,1,1
Q99569,1,0,1,1
Q99570,1,0,1,1
Q99584,1,0,1,1
Q99590,1,1,1,1
Q99598,1,1,1,1
Q99607,1,0,1,1
Q99613,1,1,1,1
Q99615,1,1,1,1
Q99638,0,1,1,0
Q99700,1,1,1,1
Q99714,1,0,1,1
Q99729,0,1,1,1
Q99729-3,1,0,0,1
Q99733,0,1,1,1
Q99755,1,0,1,1
Q99808,1,0,1,1
Q99816,1,0,1,1
Q99828,0,1,1,1
Q99832,1,1,1,1
Q99879,1,0,1,1
Q99880,1,1,1,1
Q99933,1,0,1,1
Q99942,1,1,1,1
Q99958,1,1,1,0
Q99959,1,0,1,1
Q99961,1,1,1,1
Q99973,1,0,1,0
Q99986,1,0,1,1
Q9BPX3,1,1,1,1
Q9BPX5,0,1,1,1
Q9BPZ7,1,0,1,0
Q9BQ52,0,1,1,1
Q9BQ61,1,0,1,1
Q9BQ67,1,0,1,1
Q9BQ70,1,0,1,1
Q9BQA1,1,1,1,0
Q9BQG0,1,1,1,1
Q9BR39,1,0,1,0
Q9BRA2,1,1,1,1
Q9BRD0,1,1,1,0
Q9BRG1,0,1,1,1
Q9BRJ6,0,1,1,0
Q9BRJ7,0,1,1,1
Q9BRL6,1,0,1,1
Q9BRQ0,1,0,1,0
Q9BRQ8,1,0,1,1
Q9BRS2,1,1,1,1
Q9BRX2,1,0,1,1
Q9BRZ2,0,1,1,1
Q9BSJ6,1,0,1,1
Q9BSJ8,1,0,1,1
Q9BSL1,1,1,1,1
Q9BSQ5,1,0,1,0
Q9BT22,0,1,1,1
Q9BT67,1,1,1,1
Q9BT73,1,0,1,1
Q9BTC0,1,0,1,1
Q9BTE3,1,0,1,1
Q9BTE7,0,1,1,1
Q9BTK6,1,0,1,0
Q9BTT0,1,1,1,1
Q9BTU6,1,1,1,1
Q9BTX1,1,1,1,1
Q9BU02,0,1,1,1
Q9BU76,1,1,1,0
Q9BUA3,1,1,1,0
Q9BUB7,1,0,1,1
Q9BUE0,1,0,1,1
Q9BUH6,1,1,1,0
Q9BUH8,1,1,1,1
Q9BUJ2,1,0,1,1
Q9BUP3,0,1,1,1
Q9BUQ8,1,0,1,1
Q9BUR4,1,1,1,0
Q9BUZ4,1,0,1,1
Q9BV40,1,1,1,1
Q9BV81,1,0,1,0
Q9BV86,0,1,1,1
Q9BVC5,1,1,1,0
Q9BVG4,1,1,1,0
Q9BVG9,1,0,1,1
Q9BVJ6,1,0,1,0
Q9BVK6,1,1,1,1
Q9BVL2,1,0,1,1
Q9BVP2,1,0,1,1
Q9BVS4,0,1,1,1
Q9BW27,1,1,1,1
Q9BW60,1,0,0,1
Q9BW61,1,0,1,0
Q9BW71,1,1,1,0
Q9BW85,1,1,1,0
Q9BWD3,1,0,0,1
Q9BWU0,1,1,1,1
Q9BWW4,1,0,1,0
Q9BX63,1,0,1,1
Q9BXB4,0,1,1,1
Q9BXB5,1,1,1,1
Q9BXF6,1,1,1,1
Q9BXI6,0,1,1,1
Q9BXJ9,1,0,1,1
Q9BXP5,1,1,1,1
Q9BXS5,0,1,1,1
Q9BXS6,0,1,1,0
Q9BXS9,1,0,1,1
Q9BXW9,1,1,1,1
Q9BXY0,1,0,1,1
Q9BY44,1,1,1,1
Q9BY50,1,0,1,1
Q9BY89,1,1,1,1
Q9BYC9,0,1,0,1
Q9BYE7,1,0,1,1
Q9BYG3,1,1,1,1
Q9BYM8,1,1,1,1
Q9BYX2,1,0,1,0
Q9BZ23,0,1,1,1
Q9BZ29,1,0,1,0
Q9BZ71,1,0,1,0
Q9BZD4,0,1,1,1
Q9BZF1,1,0,1,1
Q9BZI7,1,1,1,0
Q9BZJ0,1,0,1,0
Q9BZK7,1,0,1,1
Q9BZL1,0,1,1,1
Q9BZL6,0,1,1,1
Q9BZX2,1,1,1,1
Q9BZZ5,1,1,1,1
Q9C004,1,0,1,0
Q9C005,1,1,1,1
Q9C0B1,1,0,1,1
Q9C0C2,1,1,1,0
Q9C0C7,1,0,1,1
Q9C0C9,1,1,1,1
Q9C0D5,1,1,1,0
Q9C0E2,0,1,1,1
Q9C0H2,1,0,1,1
Q9C0I1,1,0,1,1
Q9GZL7,1,0,1,1
Q9GZP8,0,1,1,0
Q9GZR7,1,1,1,1
Q9GZS3,1,0,1,1
Q9GZY8,1,0,1,1
Q9GZZ1,1,0,1,1
Q9H040,1,0,1,1
Q9H063,1,0,1,1
Q9H089,1,0,1,1
Q9H0A0,1,0,1,1
Q9H0B6,1,1,1,1
Q9H0D6,1,1,1,1
Q9H0E2,1,0,1,1
Q9H0E9,0,1,1,0
Q9H0F6,1,0,1,1
Q9H0G5,1,1,1,0
Q9H0H5,0,1,1,1
Q9H0M0,1,1,1,1
Q9H0M0-6,1,0,0,1
Q9H0S4,1,0,1,1
Q9H0U9,1,0,1,1
Q9H0W8,0,1,1,0
Q9H1A4,0,1,1,1
Q9H1B7,1,1,1,0
Q9H1C4,1,0,1,1
Q9H1E3,1,1,1,0
Q9H1K0,0,1,1,0
Q9H201,1,0,1,1
Q9H223,1,0,1,1
Q9H267,1,0,1,1
Q9H299,1,0,1,1
Q9H2G2,1,1,1,1
Q9H2G4,0,1,1,1
Q9H2H9,1,0,1,1
Q9H2P0,1,1,1,1
Q9H2U2,1,0,1,0
Q9H2X6,0,1,1,1
Q9H307,1,0,1,1
Q9H3F6,1,1,1,1
Q9H3M7,0,1,1,1
Q9H3N1,1,0,1,1
Q9H3P2,1,0,1,1
Q9H3Q1,1,1,1,1
Q9H3R2,0,1,1,0
Q9H3S7,1,1,1,1
Q9H3U1,1,0,1,1
Q9H3Z4,1,1,1,1
Q9H410,1,1,1,1
Q9H444,1,1,1,1
Q9H467,1,1,1,1
Q9H490,0,1,0,1
Q9H4A3,1,1,1,0
Q9H4G0,1,1,1,0
Q9H4L5,1,1,1,1
Q9H4L7,0,1,1,1
Q9H4Y5,1,0,1,1
Q9H583,1,1,1,1
Q9H5H4,1,0,1,1
Q9H5I1,1,0,1,0
Q9H5K3,0,1,0,0
Q9H5N1,1,0,1,1
Q9H5V8,1,0,1,1
Q9H5V9,1,0,1,1
Q9H694,1,0,1,0
Q9H6A9,1,0,1,1
Q9H6F5,1,1,1,1
Q9H6H4,1,0,1,1
Q9H6K1,1,1,1,1
Q9H6S3,1,0,1,0
Q9H6T0,1,0,1,0
Q9H6T3,0,1,1,0
Q9H6X2,0,1,1,1
Q9H6Y2,1,0,1,1
Q9H6Z4,1,1,1,1
Q9H788,1,1,1,1
Q9H792,1,1,1,0
Q9H7B2,1,0,1,0
Q9H7D0,0,1,1,0
Q9H7D7,1,0,1,1
Q9H7F0,1,0,1,1
Q9H7L9,0,1,1,0
Q9H7N4,1,1,1,1
Q9H7P9,1,1,1,0
Q9H7Z7,1,1,1,1
Q9H832,1,0,1,1
Q9H8G2,1,0,1,0
Q9H8H0,1,0,1,1
Q9H8V3,1,0,1,1
Q9H8W4,1,0,1,1
Q9H8Y5,1,1,1,0
Q9H910,1,1,1,0
Q9H9B1,1,0,1,1
Q9H9Q2,1,0,1,1
Q9H9T3,1,1,1,1
Q9HA65,1,0,1,1
Q9HAU0,1,1,1,0
Q9HAU5,1,0,1,0
Q9HAW4,0,1,1,1
Q9HB09,1,0,1,1
Q9HB19,1,0,1,0
Q9HB21,1,0,1,1
Q9HB58,1,0,1,0
Q9HB71,1,1,1,1
Q9HB90,0,1,1,1
Q9HBD4,1,0,0,1
Q9HBU6,1,0,0,1
Q9HC07,1,0,1,1
Q9HC35,1,1,1,0
Q9HCC9,1,0,1,1
Q9HCD5,1,0,1,0
Q9HCD6,1,1,1,0
Q9HCE1,1,0,1,1
Q9HCE3,1,0,1,1
Q9HCK5,1,0,1,1
Q9HCK8,0,1,1,1
Q9HCM4,1,0,1,1
Q9HCN4,1,1,1,1
Q9HCS5,1,0,1,0
Q9HCY8,1,0,1,1
Q9HD20,1,0,1,1
Q9HD42,1,0,1,1
Q9HD45,1,0,1,1
Q9NNW5,1,0,1,1
Q9NP72,1,0,1,1
Q9NP74,1,0,1,0
Q9NP77,1,1,1,1
Q9NP97,0,1,1,1
Q9NPA3,0,1,1,1
Q9NPD8,1,1,1,1
Q9NPF5,1,0,1,0
Q9NPH2,1,0,1,1
Q9NPI6,0,1,1,0
Q9NPQ8,1,1,1,1
Q9NQ29,0,1,1,0
Q9NQ34,1,1,1,1
Q9NQ55,1,1,1,0
Q9NQC3,1,1,1,1
Q9NQG5,1,1,1,0
Q9NQG6,0,1,1,0
Q9NQS1,1,0,1,1
Q9NQS7,0,1,1,1
Q9NQT4,0,1,1,1
Q9NQT5,1,0,1,1
Q9NQW6,1,0,1,0
Q9NQX3,0,1,1,0
Q9NQX7,1,0,1,1
Q9NR09,1,1,1,1
Q9NR12,0,1,1,0
Q9NR19,0,1,1,1
Q9NR30,1,1,1,0
Q9NR31,1,1,1,1
Q9NRA8,1,1,1,0
Q9NRD1,1,0,1,1
Q9NRF2,0,1,1,0
Q9NRF8,0,1,1,1
Q9NRG0,1,1,1,0
Q9NRG9,1,1,1,1
Q9NRL2,1,0,1,1
Q9NRL3,1,0,1,1
Q9NRN7,1,1,1,1
Q9NRR5,0,1,1,1
Q9NRV9,1,0,1,1
Q9NRW7,1,0,1,1
Q9NRX5,1,0,1,1
Q9NRY4,1,1,1,1
Q9NRZ9,1,0,1,1
Q9NS91,1,1,1,1
Q9NSD9,1,1,1,1
Q9NSE4,1,0,1,1
Q9NSK0,1,1,1,0
Q9NTI5,1,1,1,0
Q9NTJ3,1,1,1,1
Q9NTM9,1,0,1,0
Q9NTX7,0,1,1,1
Q9NTZ6,1,0,1,1
Q9NU22,1,0,1,1
Q9NU53,1,0,1,1
Q9NUD5,1,0,1,1
Q9NUJ7,0,1,1,1
Q9NUM4,1,0,1,1
Q9NUP9,1,0,1,1
Q9NUQ2,1,0,1,1
Q9NUQ3,1,1,1,1
Q9NUQ6,0,1,1,0
Q9NUQ9,1,0,1,1
Q9NV06,1,0,1,0
Q9NV56,0,1,1,0
Q9NV88,1,1,1,1
Q9NV92,1,0,1,1
Q9NV96,1,1,1,1
Q9NVD7,1,1,1,0
Q9NVF7,1,0,1,1
Q9NVH1,1,1,1,1
Q9NVH2,1,0,1,1
Q9NVH2-3,1,0,0,1
Q9NVI1,1,1,1,1
Q9NVJ2,1,1,1,1
Q9NVM6,1,0,1,1
Q9NVM9,1,0,1,1
Q9NVR0,1,1,1,1
Q9NVU0,1,1,1,0
Q9NVU7,1,1,1,1
Q9NVW2,0,1,1,1
Q9NW64,1,1,1,1
Q9NW82,1,0,1,1
Q9NWB6,0,1,1,0
Q9NWF9,0,1,1,1
Q9NWH9,1,0,1,0
Q9NWK9,1,0,1,1
Q9NWM0,1,0,1,1
Q9NWT6,1,1,1,1
Q9NWV4,1,0,1,1
Q9NWV8,1,0,1,1
Q9NWW5,1,0,1,0
Q9NWX6,1,0,1,1
Q9NWZ5,1,0,1,1
Q9NX09,1,1,1,1
Q9NX40,1,0,1,1
Q9NX58,1,0,1,1
Q9NX63,1,0,1,1
Q9NXC5,1,1,1,1
Q9NXG2,1,1,1,1
Q9NXH9,1,1,1,1
Q9NXR1,0,1,1,0
Q9NXV2,1,1,1,1
Q9NY12,1,0,1,1
Q9NY27,1,0,1,1
Q9NY61,1,1,1,1
Q9NYB0,1,1,1,1
Q9NYB9,0,1,1,0
Q9NYD6,0,1,1,0
Q9NYF8,1,1,1,1
Q9NYL2,0,1,1,0
Q9NYL9,1,1,1,1
Q9NYP9,0,1,1,1
Q9NYV4,1,1,1,0
Q9NYY3,1,0,1,1
Q9NYZ3,1,1,1,1
Q9NZ01,1,1,1,1
Q9NZ32,1,1,1,1
Q9NZ52,1,1,1,1
Q9NZ63,1,1,1,0
Q9NZ72,1,0,1,1
Q9NZB2,1,1,1,1
Q9NZD8,0,1,1,1
Q9NZI8,0,1,1,1
Q9NZJ0,0,1,1,1
Q9NZL9,1,1,1,1
Q9NZM1,1,1,1,1
Q9NZM3,1,0,1,1
Q9NZN4,0,1,1,0
Q9NZN8,0,1,1,1
Q9NZT2,1,1,1,1
Q9P013,0,1,1,0
Q9P035,1,0,1,1
Q9P0J1,1,0,1,1
Q9P0J7,1,0,1,1
Q9P0K7,1,1,1,1
Q9P0L0,1,1,1,1
Q9P0M6,1,0,1,1
Q9P0V3,1,1,1,1
Q9P107,0,1,1,1
Q9P1Y6,1,1,1,1
Q9P206,1,1,1,0
Q9P246,1,0,1,1
Q9P258,1,1,1,1
Q9P260,1,1,1,1
Q9P265,0,1,1,1
Q9P270,0,1,1,0
Q9P275,1,0,1,1
Q9P289,0,1,1,1
Q9P2B4,1,1,1,0
Q9P2D0,0,1,1,1
Q9P2D1,0,1,1,1
Q9P2E3,1,0,1,1
Q9P2E9,1,0,1,1
Q9P2I0,0,1,1,1
Q9P2J5,1,0,1,1
Q9P2N5,1,0,1,1
Q9P2R3,1,0,1,1
Q9P2R6,1,0,1,1
Q9P2S5,1,0,1,1
Q9UBB4,1,1,1,1
Q9UBB9,1,1,1,1
Q9UBC2,1,1,1,1
Q9UBE0,1,0,1,1
Q9UBF8,0,1,1,0
Q9UBI6,1,0,1,1
Q9UBK8,0,1,1,1
Q9UBL3,1,0,1,1
Q9UBN6,1,0,1,1
Q9UBP0,0,1,1,0
Q9UBS0,0,1,1,0
Q9UBU8,1,0,1,1
Q9UBW8,1,0,1,1
Q9UBZ4,1,1,1,1
Q9UDY2,1,1,1,1
Q9UDY4,1,0,1,1
Q9UEE9,1,0,1,1
Q9UEU0,0,1,1,0
Q9UEW8,1,0,1,1
Q9UEY8,1,1,1,1
Q9UFC0,1,1,1,0
Q9UG63,1,1,1,1
Q9UGH3,1,0,1,1
Q9UGI0,0,1,1,1
Q9UGI8,1,0,1,1
Q9UGR2,0,1,1,0
Q9UGU0,1,0,1,1
Q9UGV2,1,0,1,1
Q9UGY1,1,0,1,0
Q9UH62,0,1,1,1
Q9UHB6,1,1,1,1
Q9UHB7,1,1,1,1
Q9UHB9,1,0,1,1
Q9UHC1,1,0,1,0
Q9UHC7,1,0,1,1
Q9UHD1,1,0,1,0
Q9UHD8,1,1,1,1
Q9UHD9,1,1,1,1
Q9UHI6,0,1,1,1
Q9UHP3,1,1,1,1
Q9UHR4,0,1,1,1
Q9UHV9,1,1,1,1
Q9UHX1,1,0,1,1
Q9UHY1,1,1,1,1
Q9UI09,0,1,1,1
Q9UID3,0,1,1,1
Q9UIF9,1,0,1,1
Q9UIG0,1,1,1,1
Q9UIS9,1,0,1,1
Q9UJ41,1,0,1,1
Q9UJF2,0,1,1,0
Q9UJK0,1,0,1,1
Q9UJM3,1,1,1,0
Q9UJP4,0,1,1,1
Q9UJU6,1,1,1,1
Q9UJW0,1,1,1,1
Q9UJX2,1,1,1,1
Q9UJX4,0,1,1,1
Q9UK58,1,1,1,0
Q9UK59,1,1,1,1
Q9UK61,1,0,1,1
Q9UK76,1,1,1,1
Q9UKD2,1,0,1,1
Q9UKE5,1,1,1,0
Q9UKF6,1,0,1,1
Q9UKJ3,0,1,1,0
Q9UKJ5,1,0,1,1
Q9UKK3,1,0,1,1
Q9UKL0,1,0,1,1
Q9UKM9,1,1,1,1
Q9UKN8,1,0,1,1
Q9UKS6,1,1,1,0
Q9UKT4,0,1,1,0
Q9UKV3,1,1,1,1
Q9UKV8,1,0,1,0
Q9UKX7,1,1,1,1
Q9UL03,1,0,1,1
Q9UL15,1,1,1,0
Q9UL25,1,0,1,1
Q9ULC5,1,0,1,1
Q9ULF5,1,0,1,1
Q9ULH0,1,0,1,1
Q9ULJ3,1,0,1,0
Q9ULT8,1,1,1,1
Q9ULW0,1,1,1,1
Q9ULX3,1,1,1,1
Q9UM00,1,0,1,1
Q9UMS4,0,1,1,1
Q9UMX0,1,1,1,1
Q9UMY1,0,1,1,1
Q9UMY4,1,0,1,1
Q9UMZ2,0,1,1,1
Q9UN86,1,1,1,1
Q9UNA1,0,1,1,1
Q9UNA4,1,0,1,1
Q9UNE7,0,1,1,1
Q9UNF1,1,1,1,1
Q9UNH7,1,0,1,1
Q9UNK0,0,1,1,1
Q9UNL2,1,0,1,1
Q9UNM6,1,1,1,1
Q9UNN5,1,1,1,1
Q9UNQ2,1,0,1,1
Q9UNS1,1,0,1,1
Q9UNS2,1,1,1,1
Q9UNZ2,1,1,1,1
Q9UP95,1,0,1,1
Q9UPN3,1,1,1,1
Q9UPN4,1,1,1,1
Q9UPN6,1,1,1,1
Q9UPN9,1,0,1,1
Q9UPQ0,1,1,1,0
Q9UPT8,1,1,1,0
Q9UPT9,1,0,1,1
Q9UPU5,1,1,1,1
Q9UPU7,0,1,1,0
Q9UPW0,0,1,1,0
Q9UPY3,0,1,1,1
Q9UPY5,1,1,1,1
Q9UPZ3,0,1,1,1
Q9UQ35,1,1,1,1
Q9UQ80,0,1,1,1
Q9UQ88,1,0,1,1
Q9UQB8,1,1,1,1
Q9UQE7,1,1,1,1
Q9UQN3,1,1,1,0
Q9Y217,1,1,1,1
Q9Y221,1,1,1,1
Q9Y224,1,1,1,1
Q9Y230,1,1,1,1
Q9Y232,1,0,1,1
Q9Y237,1,0,1,0
Q9Y253,1,1,1,1
Q9Y263,1,1,1,1
Q9Y265,1,1,1,1
Q9Y266,1,0,1,1
Q9Y277,0,1,1,1
Q9Y281,0,1,1,1
Q9Y287,1,0,1,1
Q9Y295,1,1,1,1
Q9Y2A7,1,0,1,1
Q9Y2D5,1,1,1,0
Q9Y2F5,1,0,1,0
Q9Y2I1,1,0,1,1
Q9Y2I7,1,0,1,0
Q9Y2J4,1,0,1,1
Q9Y2K6,1,0,1,0
Q9Y2K7,1,1,1,1
Q9Y2L1,1,0,1,1
Q9Y2S6,1,0,1,0
Q9Y2U5,1,1,1,1
Q9Y2U8,1,0,1,1
Q9Y2V2,1,1,1,1
Q9Y2W1,1,1,1,1
Q9Y2W2,1,1,1,1
Q9Y2X0,1,0,1,1
Q9Y2X3,1,1,1,1
Q9Y2X7,1,1,1,0
Q9Y2Z0,1,1,1,1
Q9Y2Z0-2,1,0,0,1
Q9Y314,1,1,1,1
Q9Y376,1,0,1,1
Q9Y383,0,1,1,1
Q9Y385,1,0,1,1
Q9Y394,1,0,1,1
Q9Y3A5,1,0,1,1
Q9Y3B4,1,0,1,1
Q9Y3B8,1,0,1,1
Q9Y3B9,0,1,1,1
Q9Y3C8,1,0,1,1
Q9Y3D6,0,1,1,1
Q9Y3D8,1,0,1,1
Q9Y3I0,1,1,1,1
Q9Y3P9,1,0,1,0
Q9Y3Q8,1,0,1,0
Q9Y3S2,1,0,1,1
Q9Y3T9,1,1,1,1
Q9Y3U8,1,1,1,1
Q9Y3X0,1,0,1,0
Q9Y3Y2,1,0,1,1
Q9Y3Z3,1,0,1,1
Q9Y463,1,1,1,0
Q9Y468,1,0,1,0
Q9Y487,0,1,1,1
Q9Y490,1,1,1,1
Q9Y4B5,0,1,1,0
Q9Y4C2,1,0,1,1
Q9Y4C2-2,1,0,0,1
Q9Y4E1,0,1,1,0
Q9Y4E5,1,0,1,1
Q9Y4E8,1,1,1,1
Q9Y4F1,1,0,1,1
Q9Y4F3,0,1,1,1
Q9Y4F5,0,1,1,1
Q9Y4G8,0,1,1,1
Q9Y4H2,1,0,1,1
Q9Y4K3,1,0,1,1
Q9Y4K4,1,0,1,1
Q9Y4P1,1,0,1,1
Q9Y4P8,1,1,1,1
Q9Y4W2,0,1,1,1
Q9Y4W6,0,1,1,1
Q9Y4X5,1,1,1,1
Q9Y508,1,0,1,1
Q9Y520,1,1,1,1
Q9Y534,1,0,1,0
Q9Y580,0,1,1,0
Q9Y5A9,1,0,1,1
Q9Y5B0,0,1,1,1
Q9Y5B6,1,0,1,0
Q9Y5B9,1,0,1,1
Q9Y5J1,1,1,1,1
Q9Y5K5,1,1,1,1
Q9Y5K5-3,1,0,0,1
Q9Y5K6,1,1,1,1
Q9Y5M8,1,1,1,1
Q9Y5N6,1,0,1,1
Q9Y5S2,1,0,1,1
Q9Y5S9,0,1,1,0
Q9Y5T5,1,0,1,1
Q9Y5U9,1,1,1,1
Q9Y5V3,1,0,1,1
Q9Y5X1,1,0,1,1
Q9Y5X3,1,0,1,1
Q9Y5Y0,1,0,1,1
Q9Y5Y6,1,0,1,1
Q9Y608,1,1,1,0
Q9Y617,1,1,1,1
Q9Y618,1,1,1,0
Q9Y624,1,0,1,1
Q9Y666,1,0,1,1
Q9Y678,1,0,1,1
Q9Y679,1,1,1,1
Q9Y679-2,1,0,0,1
Q9Y696,1,0,1,1
Q9Y6A4,1,0,1,1
Q9Y6B2,0,1,1,1
Q9Y6B6,0,1,1,0
Q9Y6D5,1,1,1,1
Q9Y6D6,1,0,1,1
Q9Y6D9,1,0,1,1
Q9Y6G9,1,1,1,0
Q9Y6I3,1,1,1,1
Q9Y6I4,1,0,1,1
Q9Y6K9,1,0,1,1
Q9Y6X9,1,1,1,1
Q9Y6Y8,1,0,1,1
S4R435,0,1,0,0
U3KQ84,1,0,0,0
