original_id,Salmonella,Shigella
P49368,1,1
P16949,1,1
Q07820,1,1
P37108,1,1
Q99942,1,1
Q9P260,1,1
O75122,1,1
O75676,1,1
Q8NI08,1,1
P49585,1,1
Q8WXE1,1,1
P47813,1,1
Q9Y265,1,1
P61289,1,1
Q14331,1,1
Q9NXC5,1,1
P20290,1,1
Q9NV88,1,1
Q96QC0,1,1
Q92922,1,1
Q08945,1,1
Q8IYB3,1,1
Q9H9T3,1,1
P52756,1,1
O43143,1,1
P49427,1,1
Q99598,1,1
P61011,1,1
Q9UJM3,1,1
Q14152,1,1
Q14204,1,1
P62906,1,1
Q13541,1,1
Q14432,1,1
Q15388,1,1
O60784,1,1
Q15418,1,1
P12270,1,1
Q9BXF6,1,1
Q96EA4,1,1
Q6P6C2,1,1
P05387,1,1
Q7L2J0,1,1
P07195,1,1
O00232,1,1
Q13427,1,1
P09429,1,1
O14617,1,1
O14545,1,1
Q9NRN7,1,1
Q9UDY2,1,1
P78344,1,1
P12268,1,1
P23634,1,1
P35241,1,1
P49458,1,1
Q06265,1,1
Q9NQ34,1,1
Q8WUM4,1,1
P63173,1,1
Q99436,1,1
Q99700,1,1
Q6PKG0,1,1
P23526,1,1
P20618,1,1
P30041,1,1
P02794,1,1
Q9BVK6,1,1
Q9H410,1,1
P30086,1,1
P51858,1,1
P48651,1,1
Q8N1G0,1,1
P31946,1,1
P11137,1,1
P49327,1,1
Q00765,1,1
P27816,1,1
Q00613,1,1
P23528,1,1
Q99832,1,1
Q15527,1,1
Q9NP77,1,1
Q14160,1,1
Q9BRS2,1,1
P23396,1,1
P26641,1,1
Q13576,1,1
O14980,1,1
P11387,1,1
Q03135,1,1
P50502,1,1
P04035,1,1
Q13283,1,1
P50148,1,1
Q9P0L0,1,1
P49736,1,1
Q8IZ07,1,1
P84101,1,1
Q9H444,1,1
Q9UHD9,1,1
Q58WW2,1,1
Q9NX09,1,1
Q14344,1,1
Q8WUF5,1,1
Q99613,1,1
P08559,1,1
Q13247,1,1
Q15717,1,1
Q7Z422,1,1
Q13177,1,1
Q8N3X1,1,1
O75376,1,1
P62258,1,1
P40222,1,1
P49321,1,1
Q9P258,1,1
Q6Y1H2,1,1
O14737,1,1
P16220,1,1
P62829,1,1
P46821,1,1
P62316,1,1
O00767,1,1
Q8TAQ2,1,1
P60604,1,1
Q8WXW3,1,1
P49207,1,1
O95573,1,1
Q9H3S7,1,1
Q9BUR4,1,1
P61586,1,1
Q53GS9,1,1
Q8TCJ2,1,1
O75569,1,1
P07355,1,1
Q5SRE5,1,1
P43487,1,1
Q9H3Q1,1,1
Q9UIG0,1,1
P24928,1,1
Q8IVF2,1,1
Q9H0D6,1,1
Q9BW71,1,1
O95139,1,1
Q12933,1,1
P60174,1,1
Q8NEF9,1,1
Q9Y2X3,1,1
P13010,1,1
P20700,1,1
Q7KZI7,1,1
Q8NHQ9,1,1
Q6GQQ9,1,1
P51114,1,1
P04844,1,1
P51572,1,1
P60228,1,1
P07737,1,1
Q6UN15,1,1
Q5T5Y3,1,1
Q9UPY5,1,1
Q12888,1,1
Q92466,1,1
Q96Q42,1,1
Q8TEV9,1,1
Q14764,1,1
Q14195,1,1
Q9UPU5,1,1
P63104,1,1
Q15459,1,1
P47914,1,1
P09382,1,1
P47755,1,1
Q16181,1,1
P61247,1,1
Q03252,1,1
O14745,1,1
P78417,1,1
P29401,1,1
Q7Z5L9,1,1
P50990,1,1
Q8IVT2,1,1
P31949,1,1
P35658,1,1
P18669,1,1
O15212,1,1
Q86XL3,1,1
Q13616,1,1
P45974,1,1
O75396,1,1
O00505,1,1
Q9Y5K6,1,1
Q9UNS2,1,1
Q99567,1,1
Q5VT52,1,1
Q01085,1,1
P46939,1,1
Q9NZL9,1,1
Q15154,1,1
P08243,1,1
Q01664,1,1
P18887,1,1
Q92900,1,1
P22234,1,1
P62136,1,1
P48729,1,1
P61077,1,1
Q9C0C9,1,1
O60825,1,1
P15121,1,1
P12956,1,1
P08758,1,1
Q9Y217,1,1
Q32P44,1,1
P61073,1,1
Q92979,1,1
P61962,1,1
Q9C005,1,1
Q9Y3I0,1,1
O14639,1,1
Q8TBC4,1,1
Q9UHD8,1,1
P67936,1,1
Q5XPI4,1,1
P10412,1,1
P35580,1,1
Q01082,1,1
Q05086,1,1
P55072,1,1
Q6ICB0,1,1
O60763,1,1
Q7Z309,1,1
P60468,1,1
P46940,1,1
Q15366,1,1
O60506,1,1
P30419,1,1
Q8IY22,1,1
P06748,1,1
Q12996,1,1
P23921,1,1
P58107,1,1
Q8WVC0,1,1
Q8TAD8,1,1
P00338,1,1
P04406,1,1
P14866,1,1
Q9Y5U9,1,1
P05783,1,1
P41212,1,1
Q9Y221,1,1
Q8IZ21,1,1
Q96EV2,1,1
Q9GZR7,1,1
Q00839,1,1
P25786,1,1
Q8IVT5,1,1
P50991,1,1
Q8N3C0,1,1
Q9NSD9,1,1
Q9Y2V2,1,1
Q96F44,1,1
Q13442,1,1
P35221,1,1
Q5T4S7,1,1
P08133,1,1
P27824,1,1
Q15773,1,1
P55265,1,1
Q12797,1,1
O60331,1,1
Q9NVR0,1,1
Q13619,1,1
O94875,1,1
Q8NEL9,1,1
O75822,1,1
P17252,1,1
Q9BT67,1,1
Q5VZL5,1,1
Q96D46,1,1
O60716,1,1
P36578,1,1
Q9UFC0,1,1
Q15233,1,1
P08238,1,1
Q9ULW0,1,1
Q8IY67,1,1
Q5T0N5,1,1
O00193,1,1
Q9BQA1,1,1
O43709,1,1
P62191,1,1
Q9H6F5,1,1
P50750,1,1
P11233,1,1
Q9NZB2,1,1
P13051,1,1
P27348,1,1
O60271,1,1
Q7Z6E9,1,1
Q96CS3,1,1
O75475,1,1
Q15029,1,1
Q9Y2W1,1,1
Q6L8Q7,1,1
P52597,1,1
Q9BTX1,1,1
O00203,1,1
P60866,1,1
Q9UBB9,1,1
O95747,1,1
P53999,1,1
Q9H1B7,1,1
P16070,1,1
P00387,1,1
O60884,1,1
Q9H3F6,1,1
O60216,1,1
P13807,1,1
Q5T1M5,1,1
P49454,1,1
P62266,1,1
Q9BYM8,1,1
P06737,1,1
Q8WUA2,1,1
P46777,1,1
P07108,1,1
P24844,1,1
P54727,1,1
Q9Y2K7,1,1
Q12906,1,1
Q96A49,1,1
P43243,1,1
Q96JM3,1,1
Q92621,1,1
O75794,1,1
Q6GYQ0,1,1
P53611,1,1
Q14244,1,1
Q969U7,1,1
O75909,1,1
P22059,1,1
Q07666,1,1
O95155,1,1
Q8IXQ4,1,1
Q9H467,1,1
O60841,1,1
Q9Y4X5,1,1
Q5TDH0,1,1
Q8N5Y2,1,1
Q9P2B4,1,1
P28074,1,1
Q13618,1,1
P39019,1,1
Q96FJ0,1,1
Q14C86,1,1
Q86X55,1,1
Q92616,1,1
A0AVT1,1,1
Q9BUA3,1,1
P98082,1,1
P12081,1,1
P37268,1,1
P41252,1,1
Q5JTD0,1,1
P62241,1,1
P62917,1,1
Q13347,1,1
P05455,1,1
Q8TD19,1,1
P84103,1,1
O94776,1,1
P23246,1,1
O76021,1,1
Q12965,1,1
Q9NVH1,1,1
P18615,1,1
P52292,1,1
Q9NYV4,1,1
Q8IWW6,1,1
Q9BWU0,1,1
P26038,1,1
Q9Y3T9,1,1
O75369,1,1
O43432,1,1
Q15061,1,1
Q9HCD6,1,1
Q00688,1,1
P61353,1,1
Q01968,1,1
Q13829,1,1
Q96AJ9,1,1
P60981,1,1
P85037,1,1
Q9UEY8,1,1
P42684,1,1
Q7Z3C6,1,1
P83731,1,1
O43684,1,1
O60678,1,1
Q16513,1,1
Q14677,1,1
P28070,1,1
P61026,1,1
Q9UK59,1,1
O00425,1,1
P62495,1,1
P04792,1,1
Q96AC1,1,1
P78527,1,1
Q08211,1,1
P11940,1,1
Q9Y2U5,1,1
Q96E09,1,1
P53396,1,1
Q9BZI7,1,1
P39023,1,1
Q9H788,1,1
Q8N6H7,1,1
Q96IF1,1,1
Q15054,1,1
P17980,1,1
Q9NV96,1,1
O75683,1,1
Q14137,1,1
Q14847,1,1
Q8ND56,1,1
Q86UP2,1,1
Q9NR30,1,1
P41250,1,1
Q9UK58,1,1
P41091,1,1
P49720,1,1
Q14498,1,1
Q13136,1,1
O75821,1,1
P30050,1,1
Q9BZX2,1,1
Q7Z2W4,1,1
Q01650,1,1
Q9H4G0,1,1
Q9Y618,1,1
Q6KC79,1,1
Q9BV40,1,1
P37837,1,1
Q9Y263,1,1
O75925,1,1
O00559,1,1
Q9NYF8,1,1
P40763,1,1
Q96S82,1,1
Q8TF42,1,1
Q9NS91,1,1
P08754,1,1
Q6VMQ6,1,1
Q13838,1,1
P32119,1,1
O60814,1,1
Q99543,1,1
O00499,1,1
Q13017,1,1
Q9NXV2,1,1
Q9BXW9,1,1
P67809,1,1
P27708,1,1
P36915,1,1
P05556,1,1
Q5T200,1,1
P46013,1,1
P46776,1,1
Q99081,1,1
Q9UNF1,1,1
P50548,1,1
Q16543,1,1
P62979,1,1
P62750,1,1
Q9NQ55,1,1
Q9UPT8,1,1
Q9UG63,1,1
Q9BPX3,1,1
Q8WVB6,1,1
O95466,1,1
Q9UNM6,1,1
Q9NPQ8,1,1
P84095,1,1
Q71RC2,1,1
Q9H7N4,1,1
P49790,1,1
Q13535,1,1
Q06481,1,1
P07900,1,1
P16403,1,1
P15408,1,1
Q5VTR2,1,1
Q8NAV1,1,1
P35998,1,1
Q15435,1,1
Q5JSZ5,1,1
Q12982,1,1
Q14151,1,1
P61313,1,1
P06400,1,1
Q14671,1,1
Q92508,1,1
Q9BSL1,1,1
Q9Y2W2,1,1
Q86V48,1,1
P00533,1,1
Q15477,1,1
P04899,1,1
P08621,1,1
P17096,1,1
P11166,1,1
P57740,1,1
Q9BRD0,1,1
O00429,1,1
P07305,1,1
Q15149,1,1
P01116,1,1
Q92797,1,1
Q15121,1,1
Q9H6K1,1,1
Q99615,1,1
Q6ZRV2,1,1
Q13148,1,1
Q6WCQ1,1,1
Q13501,1,1
O43175,1,1
O60869,1,1
Q9BVC5,1,1
O60256,1,1
P63241,1,1
Q5SW79,1,1
O75179,1,1
P49792,1,1
Q13085,1,1
Q9NZT2,1,1
Q8TAT6,1,1
Q9ULT8,1,1
Q9Y2X7,1,1
P46778,1,1
Q01813,1,1
Q9UJW0,1,1
P14618,1,1
Q09666,1,1
Q8WUM0,1,1
P61254,1,1
O00410,1,1
Q6UUV7,1,1
P18077,1,1
Q658P3,1,1
P13639,1,1
Q9Y6G9,1,1
O15145,1,1
O14939,1,1
P84090,1,1
Q04323,1,1
P68036,1,1
O94804,1,1
Q8TDM6,1,1
Q70CQ2,1,1
Q13523,1,1
P32969,1,1
P46060,1,1
Q9NYZ3,1,1
Q9Y2Z0,1,1
O75351,1,1
P55327,1,1
Q13573,1,1
O43719,1,1
P61981,1,1
Q96JH7,1,1
P40227,1,1
Q9Y5M8,1,1
Q05519,1,1
Q13200,1,1
O15294,1,1
Q9BYG3,1,1
Q9NRG0,1,1
O95793,1,1
Q13428,1,1
Q01130,1,1
Q8IZ73,1,1
Q9NVU0,1,1
Q63ZY3,1,1
Q15185,1,1
Q8N5F7,1,1
Q9UJX2,1,1
P80723,1,1
Q14155,1,1
Q96I25,1,1
P60842,1,1
Q8NEY1,1,1
Q9Y2D5,1,1
Q13425,1,1
Q93008,1,1
O60504,1,1
Q8NFH5,1,1
P61086,1,1
P62277,1,1
P05114,1,1
O00712,1,1
P25685,1,1
Q08J23,1,1
P15924,1,1
Q96B36,1,1
Q9NR09,1,1
Q9UQN3,1,1
P42566,1,1
Q96T37,1,1
Q8NCF5,1,1
O00571,1,1
P48643,1,1
P08651,1,1
P35251,1,1
P62269,1,1
Q8TB72,1,1
Q14974,1,1
O95816,1,1
P13798,1,1
P40818,1,1
Q12873,1,1
Q07955,1,1
O96013,1,1
Q15648,1,1
P62328,1,1
P35579,1,1
Q9Y679,1,1
Q92575,1,1
P15311,1,1
Q9NVJ2,1,1
P17987,1,1
P78559,1,1
Q9BQG0,1,1
O15014,1,1
Q9Y520,1,1
Q12769,1,1
Q02952,1,1
P35269,1,1
Q02241,1,1
Q5UIP0,1,1
Q12905,1,1
Q8NEY8,1,1
P06703,1,1
Q15691,1,1
P48449,1,1
Q15785,1,1
Q00536,1,1
Q16778,1,1
P28066,1,1
O94826,1,1
O95817,1,1
O75844,1,1
Q8IYW5,1,1
O00186,1,1
P46783,1,1
Q92734,1,1
Q96CX2,1,1
Q9BUH8,1,1
P62913,1,1
Q8WWM7,1,1
Q04726,1,1
P51149,1,1
Q15758,1,1
Q96HR8,1,1
Q9Y224,1,1
Q6P158,1,1
P98175,1,1
O43237,1,1
O95292,1,1
Q9BW27,1,1
Q9H4A3,1,1
Q9P0V3,1,1
Q7L4I2,1,1
O95551,1,1
Q05655,1,1
P68371,1,1
Q9UQB8,1,1
Q9H0M0,1,1
P61513,1,1
Q9HB71,1,1
Q02543,1,1
Q15050,1,1
Q9H792,1,1
Q96B97,1,1
Q96QR8,1,1
P49023,1,1
P61019,1,1
P62244,1,1
Q7KZF4,1,1
Q9BY44,1,1
P60709,1,1
Q01518,1,1
O60749,1,1
Q99590,1,1
P53985,1,1
Q13045,1,1
Q16531,1,1
Q3SXM5,1,1
Q9Y314,1,1
P49773,1,1
P09651,1,1
Q14019,1,1
P15923,1,1
O95433,1,1
Q8WU90,1,1
P06733,1,1
Q9NXG2,1,1
Q8IU81,1,1
P61088,1,1
P98170,1,1
Q9UL15,1,1
P62851,1,1
P56192,1,1
Q96IZ0,1,1
P55081,1,1
O15234,1,1
Q04917,1,1
Q00587,1,1
Q96CX6,1,1
P09543,1,1
Q969V6,1,1
Q32MZ4,1,1
O75915,1,1
Q9BW85,1,1
Q9NVU7,1,1
Q1KMD3,1,1
Q9Y230,1,1
P23588,1,1
P62424,1,1
Q14684,1,1
Q9HAU0,1,1
Q8TAP8,1,1
Q92615,1,1
P62993,1,1
P20042,1,1
O00264,1,1
Q9NRG9,1,1
P18206,1,1
P49588,1,1
P35611,1,1
Q6PD62,1,1
Q8TEU7,1,1
Q14135,1,1
O43765,1,1
Q8TCT9,1,1
Q96G74,1,1
Q15751,1,1
Q14258,1,1
Q99958,1,1
Q14669,1,1
Q92597,1,1
Q96RK0,1,1
Q7Z6Z7,1,1
Q9UPQ0,1,1
P31153,1,1
Q9Y4P8,1,1
Q9UBB4,1,1
O15067,1,1
O75962,1,1
Q92769,1,1
Q8N183,1,1
Q9UNZ2,1,1
P28290,1,1
Q0JRZ9,1,1
P33993,1,1
P05388,1,1
O14975,1,1
Q7Z417,1,1
Q9H583,1,1
P28482,1,1
P04083,1,1
Q14980,1,1
Q13049,1,1
Q9H8Y5,1,1
Q6R327,1,1
Q05682,1,1
Q15819,1,1
Q7L8J4,1,1
Q8NDT2,1,1
P16383,1,1
Q6P1J9,1,1
P29692,1,1
P22695,1,1
Q9H6Z4,1,1
Q99961,1,1
Q8NFJ5,1,1
Q8TDB6,1,1
Q12846,1,1
Q86TB9,1,1
P49915,1,1
P52565,1,1
P31948,1,1
Q92905,1,1
Q8NHG8,1,1
Q9NVI1,1,1
Q8NC51,1,1
Q9H0G5,1,1
P51991,1,1
Q9Y6X9,1,1
P02545,1,1
Q69YN4,1,1
P49721,1,1
Q7Z4V5,1,1
Q9NZ63,1,1
P26373,1,1
P68104,1,1
Q9Y5J1,1,1
Q6PID6,1,1
O75592,1,1
Q8NCD3,1,1
Q8WYP5,1,1
Q9Y463,1,1
P56945,1,1
Q15019,1,1
Q96S55,1,1
Q9UKE5,1,1
Q5T8P6,1,1
Q9UMX0,1,1
Q9Y5K5,1,1
Q9HCN4,1,1
Q16637,1,1
Q9NRY4,1,1
Q5JSH3,1,1
Q06830,1,1
Q9BRA2,1,1
Q9NYL9,1,1
P34932,1,1
P51116,1,1
Q14157,1,1
P26358,1,1
Q9Y295,1,1
Q9H2P0,1,1
Q96J02,1,1
Q3KQU3,1,1
Q13470,1,1
O75436,1,1
O60293,1,1
Q9NZM1,1,1
P15880,1,1
Q9UKX7,1,1
O43491,1,1
P16615,1,1
O15144,1,1
P31350,1,1
Q9NUQ3,1,1
P51665,1,1
O15027,1,1
P25788,1,1
Q9UHY1,1,1
O95071,1,1
P50416,1,1
Q9ULX3,1,1
P17812,1,1
Q9UHP3,1,1
O00299,1,1
Q9BUH6,1,1
Q92598,1,1
Q5VZ89,1,1
Q9NZ32,1,1
Q9NY61,1,1
Q9UHB7,1,1
P61978,1,1
P55884,1,1
Q8TC12,1,1
Q9H1E3,1,1
Q93034,1,1
P48634,1,1
Q9Y3U8,1,1
P04075,1,1
Q99460,1,1
Q8N2M8,1,1
P63151,1,1
P62081,1,1
P29966,1,1
P35659,1,1
P12277,1,1
Q15365,1,1
Q6PJG2,1,1
Q9BXP5,1,1
Q14103,1,1
Q96TA1,1,1
O76094,1,1
Q14166,1,1
Q9UPN3,1,1
Q8NE71,1,1
Q8WWI1,1,1
Q9UNN5,1,1
P19021,1,1
O95394,1,1
P02786,1,1
Q53EL6,1,1
Q16643,1,1
P62745,1,1
P62249,1,1
Q02790,1,1
Q8IWV8,1,1
O60488,1,1
O43768,1,1
O43396,1,1
P04049,1,1
Q9UN86,1,1
P18858,1,1
Q96K21,1,1
Q14247,1,1
Q9UK76,1,1
Q16186,1,1
O15344,1,1
O95400,1,1
Q9UHV9,1,1
Q92733,1,1
Q9NPD8,1,1
Q6Y7W6,1,1
P10599,1,1
O14818,1,1
Q96A57,1,1
P61081,1,1
Q9NVD7,1,1
P26447,1,1
O94979,1,1
Q9BTU6,1,1
Q68EM7,1,1
P52788,1,1
P22314,1,1
P31947,1,1
Q9NZ52,1,1
Q12802,1,1
P11142,1,1
P52701,1,1
O00161,1,1
P58876,1,1
Q13242,1,1
Q92945,1,1
Q9UKM9,1,1
Q7LBR1,1,1
Q9UBZ4,1,1
Q04637,1,1
P27540,1,1
Q8NFC6,1,1
P35613,1,1
P41567,1,1
P62263,1,1
Q9UJU6,1,1
Q00610,1,1
Q9BY89,1,1
Q8WUI4,1,1
P31689,1,1
P25686,1,1
Q9UBC2,1,1
O75643,1,1
P35268,1,1
Q5VV41,1,1
Q15642,1,1
O75494,1,1
O14908,1,1
P62280,1,1
P06493,1,1
P25490,1,1
P46087,1,1
Q9HC35,1,1
P10644,1,1
Q7L2H7,1,1
P42766,1,1
P46937,1,1
Q9UPN6,1,1
O43242,1,1
Q9UQE7,1,1
P33176,1,1
P23193,1,1
P63244,1,1
Q8WX92,1,1
P50402,1,1
P24385,1,1
P14735,1,1
Q7Z5K2,1,1
Q8WXX5,1,1
P41227,1,1
P46779,1,1
Q96PU5,1,1
P50914,1,1
P54105,1,1
Q96EB6,1,1
Q96K76,1,1
P62195,1,1
P51809,1,1
Q16763,1,1
Q66PJ3,1,1
Q7Z4S6,1,1
O75400,1,1
Q9BVG4,1,1
Q8N3V7,1,1
Q9NQG5,1,1
Q13895,1,1
P15559,1,1
Q9NTI5,1,1
Q9UPN4,1,1
P01111,1,1
P61244,1,1
Q86WR7,1,1
Q9P0K7,1,1
P62857,1,1
Q92890,1,1
Q92576,1,1
O95239,1,1
P13861,1,1
P11388,1,1
P16989,1,1
P00558,1,1
Q86WB0,1,1
Q9C0D5,1,1
O75688,1,1
Q92783,1,1
P41208,1,1
P18754,1,1
Q8N122,1,1
P61201,1,1
Q07960,1,1
Q9P206,1,1
O95684,1,1
Q68CZ2,1,1
P62701,1,1
Q9NWT6,1,1
Q5VTL8,1,1
Q14738,1,1
O43752,1,1
Q6ICG6,1,1
Q8WUA4,1,1
Q05209,1,1
Q13263,1,1
P30044,1,1
Q15800,1,1
P52948,1,1
Q3YEC7,1,1
Q5SSJ5,1,1
P27361,1,1
Q7Z4H7,1,1
P52907,1,1
P23381,1,1
P36871,1,1
P21796,1,1
O95235,1,1
Q93009,1,1
P21333,1,1
P11717,1,1
Q15554,1,1
Q9P1Y6,1,1
Q9BZZ5,1,1
O75663,1,1
Q96HC4,1,1
Q9Y4E8,1,1
P78371,1,1
Q6AI08,1,1
Q9Y617,1,1
Q9Y490,1,1
Q9Y6I3,1,1
Q9UQ35,1,1
Q8IWS0,1,1
P63000,1,1
P24534,1,1
Q9NTJ3,1,1
P38919,1,1
P52594,1,1
O60231,1,1
Q15181,1,1
Q9NR31,1,1
Q12981,1,1
O75533,1,1
P07814,1,1
P12004,1,1
Q16204,1,1
P25205,1,1
P47712,1,1
P29992,1,1
O75886,1,1
P51812,1,1
P61158,1,1
Q14978,1,1
Q15637,1,1
P62877,1,1
P36404,1,1
P78347,1,1
Q9H3Z4,1,1
P09874,1,1
Q9NRA8,1,1
Q13435,1,1
O75190,1,1
P54274,1,1
P06744,1,1
O94888,1,1
P05204,1,1
P60953,1,1
Q9NSK0,1,1
P17535,1,1
O60343,1,1
Q96RL7,1,1
P20810,1,1
P49756,1,1
P51153,1,1
Q13459,1,1
Q03933,1,1
Q9C0C2,1,1
P18124,1,1
Q8N3F8,1,1
Q5T5C0,1,1
Q9H910,1,1
Q7L1Q6,1,1
Q9H7Z7,1,1
Q5VSL9,1,1
P25789,1,1
Q9H7P9,1,1
P49916,1,1
O75531,1,1
Q9Y6D5,1,1
Q8WX93,1,1
Q96GM8,1,1
Q86YS7,1,1
P35606,1,1
Q9NZ01,1,1
P62304,1,1
Q8IVM0,1,1
O75131,1,1
Q86UE4,1,1
P16401,1,1
P61020,1,1
Q9NQC3,1,1
O14964,1,1
P52209,1,1
P29590,1,1
Q96ST2,1,1
Q16401,1,1
Q9Y608,1,1
P19338,1,1
Q15392,1,1
Q14118,1,1
Q8TC07,1,1
O15371,1,1
P61160,1,1
P63096,1,1
A0MZ66,1,1
O43707,1,1
P27635,1,1
P62807,1,1
Q86TG7,1,1
P30153,1,1
Q9H2G2,1,1
O43583,1,1
O14744,1,1
Q7L014,1,1
Q14694,1,1
Q01469,1,1
Q02878,1,1
Q96IX5,1,1
Q9BXB5,1,1
P67775,1,1
Q99880,1,1
P26368,1,1
P42677,1,1
Q7Z460,1,1
P25787,1,1
O43776,1,1
O75695,1,1
O00418,1,1
O60832,1,1
O60566,1,1
P62820,1,1
O15126,1,1
P09960,1,1
O14974,1,1
Q86UU1,1,1
O43847,1,1
P62995,1,1
Q9H0B6,1,1
P62330,1,1
Q5VVQ6,1,1
P62753,1,1
Q9BU76,1,1
Q6NZI2,1,1
O95997,1,1
Q9BTT0,1,1
Q08AD1,1,1
P07741,1,1
Q9UKS6,1,1
Q99471,1,1
O43290,1,1
Q9NYB0,1,1
P46781,1,1
Q4G0J3,1,1
O95218,1,1
P00491,1,1
Q13547,1,1
O14828,1,1
P53621,1,1
O43294,1,1
Q6PJT7,1,1
Q07866,1,1
Q9H4L5,1,1
O15061,1,1
Q9UHB6,1,1
Q9NW64,1,1
P06454,1,1
P17544,1,1
Q15942,1,1
P39748,1,1
Q9UKV3,1,1
Q8N4C8,1,1
P41236,1,1
Q07812,1,1
Q9NXH9,1,1
Q86VM9,1,1
P62937,1,1
Q56P03,1,1
Q9Y253,1,1
Q92538,1,1
Q13112,1,1
P28715,1,1
Q9Y3C8,0,1
Q6ZSS7,0,1
Q9BT73,0,1
Q9H7D7,0,1
Q12772,0,1
P51965,0,1
Q9NP74,0,1
P61803,0,1
Q8IWT3,0,1
Q14966,0,1
Q96L91,0,1
Q9Y5B9,0,1
Q14566,0,1
Q99729,1,0
A6ZKI3,0,1
O95197,0,1
Q9HAW4,1,0
Q13131,0,1
O75911,1,0
Q9UM00,0,1
Q6PH81,0,1
Q9HA65,0,1
Q8N5K1,1,0
Q13451,0,1
Q9UNA4,0,1
Q86V81,1,0
O43920,1,0
P17480,0,1
Q92844,0,1
Q6SPF0,0,1
Q6PCE3,1,0
Q9NPA3,1,0
Q6FI13,0,1
Q9UH62,1,0
Q8IV63,0,1
P13797,1,0
Q9UIS9,0,1
Q9UGI8,0,1
Q9UNE7,1,0
Q15025,0,1
Q86W92,0,1
P30085,0,1
Q07065,0,1
O60502,0,1
Q96C86,0,1
Q9H3M7,1,0
Q9C0B1,0,1
O95425,1,0
Q8N163,1,0
Q12789,0,1
P21583,0,1
O94929,0,1
P53992,0,1
Q6IBW4,1,0
O14979,0,1
Q9Y487,1,0
O14672,0,1
B5ME19,0,1
P50552,0,1
P63279,1,0
Q8N3D4,0,1
P62837,0,1
Q96EN8,1,0
O00124,0,1
P45880,1,0
Q9UEE9,0,1
Q13765,0,1
O43813,1,0
Q9Y6B6,1,0
P63010,0,1
Q96T88,0,1
Q9UGI0,1,0
Q99584,0,1
P27694,0,1
P31942,0,1
Q9UGV2,0,1
Q13601,1,0
O14530,1,0
Q96A65,0,1
Q9HCE1,0,1
Q13620,0,1
Q9UPN9,0,1
Q9Y580,1,0
Q9H8H0,0,1
Q8N1G4,0,1
Q14683,0,1
P41223,0,1
Q53EZ4,1,0
Q9BPX5,1,0
Q96JM7,0,1
O60238,0,1
Q96T58,0,1
Q13813,0,1
O15355,0,1
O95772,0,1
Q8IUD2,0,1
P63208,0,1
Q8TDZ2,1,0
Q9NX40,0,1
P83916,0,1
Q96EK4,1,0
Q9UJX4,1,0
Q9BXI6,1,0
P51531,0,1
Q99733,1,0
P08670,1,0
P55011,0,1
O43150,1,0
Q8NBQ5,0,1
P23508,1,0
Q12907,0,1
P26599,0,1
O00154,0,1
Q13114,0,1
P08708,0,1
Q92609,0,1
Q13151,0,1
Q5QNW6,0,1
O14910,0,1
P14868,0,1
Q8IV50,1,0
O43683,1,0
P22223,0,1
Q93077,0,1
Q5XUX1,1,0
Q8IY37,0,1
P31150,0,1
Q96QU8,0,1
Q9H7D0,1,0
Q13277,0,1
Q9NYY3,0,1
Q9ULC5,0,1
Q9NVF7,0,1
Q8N9Z2,0,1
Q9H267,0,1
Q14181,1,0
P61296,0,1
Q9BSJ6,0,1
O00541,0,1
Q9NP97,1,0
Q14676,0,1
P26232,0,1
Q8TCU4,1,0
Q9GZS3,0,1
O15498,0,1
Q9Y534,0,1
Q01844,0,1
Q99816,0,1
P12036,0,1
P61106,1,0
P06576,0,1
Q96EP0,0,1
O95470,0,1
Q53LP3,1,0
Q9NQX3,1,0
P52732,1,0
Q9H832,0,1
Q9UHI6,1,0
Q8IV08,1,0
O15085,1,0
Q14692,0,1
O95376,0,1
Q4KMQ2,0,1
P25440,1,0
P35080,0,1
Q8N0X7,1,0
P36551,0,1
O75312,0,1
Q9Y2X0,0,1
Q16629,0,1
Q96EI5,0,1
Q96P48,0,1
P27797,0,1
Q6XZF7,0,1
Q14116,0,1
P49366,0,1
Q68D91,0,1
P62491,0,1
P27695,0,1
Q6P996,0,1
Q14596,1,0
O95391,0,1
Q8TAF3,0,1
P84098,0,1
Q86VQ1,1,0
Q16881,0,1
Q13627,1,0
Q9NZN4,1,0
Q96S66,0,1
Q99426,0,1
Q9P2E3,0,1
Q12768,0,1
O60493,0,1
Q15631,0,1
Q9H6H4,0,1
Q9BV81,0,1
Q5VVW2,0,1
Q9Y468,0,1
Q6ZRS2,0,1
Q16658,1,0
Q2TBE0,1,0
Q92870,0,1
Q9Y5Y0,0,1
O94874,0,1
P61204,0,1
Q00537,0,1
Q15040,0,1
P55795,1,0
Q9P0J1,0,1
Q96IV0,0,1
Q96TC7,0,1
P15104,0,1
P20809,1,0
P54725,0,1
P62987,0,1
O00139,0,1
O00233,0,1
Q96GA3,0,1
Q96GD4,1,0
Q13155,1,0
Q8TD55,0,1
P16402,1,0
Q8NEN9,0,1
P22392,0,1
Q9Y3B8,0,1
Q96GG9,0,1
Q8IWA5,0,1
P63220,1,0
P22626,0,1
P12694,0,1
P56211,0,1
P33778,0,1
Q9Y3B9,1,0
P53814,0,1
O95456,0,1
Q9BXJ9,0,1
O75151,0,1
O95602,0,1
Q9UQ80,1,0
Q5JVF3,0,1
O95905,1,0
Q92545,0,1
O14497,0,1
Q96PU4,0,1
P84022,1,0
Q13322,0,1
Q99755,0,1
P21399,0,1
Q03468,0,1
P22087,0,1
Q08357,0,1
Q9UPU7,1,0
P0C0S5,0,1
Q92925,0,1
Q6ZNB6,0,1
Q9NRD1,0,1
P39687,0,1
Q16594,0,1
Q9H223,0,1
O43166,0,1
Q9UL03,0,1
Q9C0E2,1,0
P04920,0,1
O75832,0,1
P07864,0,1
Q9NWH9,0,1
O75367,0,1
Q9UMY4,0,1
Q15651,0,1
Q8WUN7,0,1
Q13137,1,0
O15037,0,1
Q96N67,0,1
P31939,0,1
Q99986,0,1
Q9BX63,0,1
P23497,0,1
Q9NY12,0,1
P48681,0,1
Q15014,0,1
Q99933,0,1
Q9UJ41,0,1
Q9NY27,0,1
P17275,1,0
Q15020,1,0
P20020,0,1
Q13439,0,1
O76003,0,1
Q03111,0,1
Q8IZL8,0,1
Q8IWA0,0,1
Q70E73,1,0
Q8TER5,1,0
Q06413,1,0
Q5T5U3,0,1
P82094,0,1
O76075,0,1
Q6PL18,0,1
Q13610,1,0
Q9UBK8,1,0
P51608,0,1
Q9Y4F1,0,1
Q9NQS1,0,1
Q8N531,0,1
Q16222,0,1
O95677,0,1
Q9H6A9,0,1
Q13505,0,1
Q14934,1,0
P29353,1,0
P62805,0,1
P40617,0,1
O14763,0,1
Q68CZ6,0,1
Q13936,0,1
Q16512,1,0
Q7LBC6,0,1
Q8TD16,0,1
Q7Z4G1,1,0
Q9BQ61,0,1
O43390,0,1
O60925,0,1
Q13630,0,1
Q9BQ52,1,0
Q9BZK7,0,1
Q6P3S6,0,1
Q01780,0,1
Q14517,0,1
Q9HCS5,0,1
O15143,0,1
Q8IY18,0,1
Q9H7L9,1,0
P62714,0,1
O00268,0,1
Q5TAQ9,0,1
P05386,1,0
Q9Y5N6,0,1
Q9UPT9,0,1
P54578,0,1
Q15696,0,1
Q08209,0,1
Q03393,1,0
Q08499,1,0
O95147,0,1
Q9Y5X1,0,1
Q8NI27,1,0
A6NHR9,0,1
O15400,0,1
O15357,0,1
O00483,1,0
Q53GQ0,0,1
P63165,1,0
Q6NYC8,0,1
Q9UBP0,1,0
Q01581,1,0
Q6NUK4,0,1
Q96DH6,0,1
Q9BZ71,0,1
P25116,0,1
P21964,0,1
Q99523,0,1
P04637,0,1
Q9UQ88,0,1
Q15012,1,0
P09012,0,1
P39656,0,1
Q9UKJ5,0,1
P62888,0,1
P20073,1,0
Q9H2G4,1,0
Q9NQS7,1,0
Q9H2X6,1,0
Q9Y3P9,0,1
Q00341,1,0
Q9BVL2,0,1
Q63HN8,0,1
O95785,1,0
Q99808,0,1
Q9P2R3,0,1
Q8IY81,1,0
P06756,0,1
Q9HB21,0,1
P30291,1,0
Q9Y4C2,0,1
O95229,1,0
Q9NRX5,0,1
Q8TDC0,0,1
O94973,0,1
Q5T6F2,1,0
Q6ZNJ1,0,1
P0CAP2,0,1
Q9UNS1,0,1
Q9NUP9,0,1
Q6PJG6,0,1
P27037,0,1
Q8NB90,0,1
O00148,0,1
Q8IWZ3,1,0
P62873,0,1
P10586,0,1
O96019,0,1
P0CG48,0,1
P63167,1,0
P62841,0,1
O00443,1,0
Q96RD7,0,1
P48739,1,0
P49761,1,0
Q92560,1,0
P60903,0,1
Q5F1R6,0,1
O15446,1,0
Q9Y3Y2,0,1
Q14315,0,1
Q04446,0,1
Q9P035,0,1
Q8WVC6,0,1
Q8ND76,0,1
P58546,0,1
Q9UHX1,0,1
Q92974,0,1
Q9UHC1,0,1
P57088,0,1
P17655,1,0
O75509,1,0
Q96PE2,0,1
O43791,0,1
Q9H1A4,1,0
Q8IUF8,0,1
P63261,0,1
O95671,1,0
P61326,1,0
P07437,0,1
Q96NC0,0,1
Q9BSJ8,0,1
Q96AD5,0,1
P62318,1,0
Q9Y394,0,1
Q05397,1,0
Q8WVM8,0,1
Q9Y6A4,0,1
Q5QJE6,0,1
Q9NQG6,1,0
Q08174,0,1
Q8N8A6,0,1
O00267,0,1
O15534,1,0
Q15047,0,1
P55263,0,1
O14907,1,0
Q4LE39,1,0
Q8TED0,1,0
P49959,1,0
Q86U06,1,0
Q9UKV8,0,1
P53350,1,0
O15347,0,1
Q6NWY9,0,1
O60934,1,0
Q8TEQ6,0,1
O00291,0,1
Q96Q89,1,0
O60245,0,1
O00231,0,1
Q14573,0,1
O14874,0,1
Q9C0H2,0,1
Q01970,0,1
Q6IA86,1,0
P21359,1,0
Q92614,0,1
Q9Y2J4,0,1
O94906,0,1
Q99417,1,0
P33897,1,0
Q03701,0,1
Q8NBN3,0,1
Q9P2J5,0,1
Q8NC44,0,1
Q71RG4,0,1
Q8NE01,0,1
Q9H5K3,1,0
Q4KMP7,1,0
Q13426,0,1
Q96KC8,1,0
O60725,0,1
Q12986,0,1
Q9H490,1,0
Q9Y3D6,1,0
O00567,0,1
Q96GX9,0,1
Q66GS9,1,0
O75153,0,1
Q9NUQ9,0,1
Q9UEW8,0,1
Q9UNK0,1,0
O43809,0,1
P11441,1,0
Q92871,0,1
Q5VW36,0,1
P08069,0,1
P19484,1,0
Q96FS4,0,1
Q96DB2,0,1
Q9NWB6,1,0
P29803,0,1
P08579,0,1
Q15155,0,1
Q9NRL3,0,1
P78346,0,1
Q9UGR2,1,0
E7EW69,0,1
P26639,1,0
Q9P2D1,1,0
P40855,0,1
P53667,1,0
P62308,1,0
Q13310,0,1
Q9BUB7,0,1
Q9Y232,0,1
P05141,0,1
O00487,0,1
P29317,0,1
P04626,0,1
P04080,0,1
Q9NZD8,1,0
O43795,0,1
Q9BY50,0,1
Q08AF3,0,1
O95372,0,1
P62942,0,1
P84077,1,0
Q9Y6I4,0,1
O95361,0,1
Q9BTE3,0,1
Q5T0W9,0,1
P68400,0,1
Q9P2R6,0,1
P20226,0,1
Q9H307,0,1
Q15032,1,0
Q08170,0,1
Q05D32,0,1
P55210,0,1
P29084,1,0
Q9NQT4,1,0
P48200,0,1
Q96H20,1,0
P63092,1,0
P57735,0,1
O15164,1,0
Q15738,0,1
Q6W2J9,1,0
P40429,0,1
Q6ZUT6,1,0
Q5VZK9,0,1
Q9Y4K3,0,1
Q01196,1,0
Q9P107,1,0
Q14CX7,0,1
Q13286,0,1
P68543,1,0
P78395,0,1
Q9NPI6,1,0
Q3B726,0,1
P17706,1,0
Q7Z569,0,1
Q8IWA4,0,1
P14923,0,1
P43034,0,1
Q01167,1,0
O43427,1,0
Q96CG3,0,1
Q9BSQ5,0,1
O15513,1,0
Q9NTX7,1,0
Q8N4U5,0,1
Q96RQ1,0,1
Q96JP5,1,0
Q8NB14,0,1
Q86U42,0,1
O14562,0,1
Q96S44,0,1
P07237,0,1
Q8N5G2,0,1
P50453,0,1
Q96PY6,0,1
Q96J01,0,1
P21127,1,0
Q13111,0,1
Q9NVW2,1,0
Q5JTV8,0,1
Q96QD8,0,1
Q9BW61,0,1
Q13564,1,0
P62899,1,0
Q15417,0,1
Q8NEM0,0,1
Q15345,0,1
P67870,1,0
Q00796,0,1
Q66K74,1,0
Q9NRW7,0,1
Q13595,0,1
O15523,1,0
P46379,0,1
P53816,1,0
Q12857,1,0
Q9HCM4,0,1
P43686,0,1
P08913,0,1
P04150,1,0
P10589,0,1
Q96RL1,0,1
H3BM14,1,0
Q15022,0,1
Q9H9Q2,0,1
O15427,0,1
Q8N5U6,0,1
Q92504,0,1
Q12766,1,0
Q9BZL1,1,0
Q8IWX8,1,0
O14686,1,0
B1AMS2,1,0
P16333,0,1
Q9HC07,0,1
P14174,0,1
P07948,0,1
Q9Y2S6,0,1
Q9NRL2,0,1
P15153,0,1
O95714,0,1
Q04721,0,1
Q96RS0,1,0
O95628,0,1
Q9BT22,1,0
Q969T4,0,1
Q8IZ52,0,1
P78536,0,1
P46063,1,0
Q9UID3,1,0
O15439,0,1
P61970,0,1
Q9BRX2,0,1
O00762,1,0
Q9BPZ7,0,1
Q9Y277,1,0
Q15811,0,1
Q96JB1,0,1
Q96JK2,0,1
Q7Z333,1,0
Q7Z478,1,0
Q6MZP7,1,0
Q9NRZ9,0,1
P43121,0,1
Q15262,0,1
Q92572,0,1
Q8IZT6,1,0
Q15058,1,0
Q9UJK0,0,1
Q9NVM6,0,1
O76080,0,1
Q9H7B2,0,1
Q9BXS6,1,0
Q9BRJ6,1,0
Q9UPY3,1,0
Q7L576,0,1
Q9UKT4,1,0
O00165,1,0
Q9UGU0,0,1
Q96RU3,1,0
Q99570,0,1
P15056,1,0
Q9Y5V3,0,1
O00303,1,0
Q8N1F8,0,1
Q9NWV8,0,1
O00479,0,1
Q9ULF5,0,1
Q9BVG9,0,1
Q9Y5B6,0,1
A0AVI2,0,1
Q9H0U9,0,1
Q9NYD6,1,0
Q99442,0,1
Q9NYL2,1,0
P04843,0,1
Q14149,0,1
Q8N9T8,0,1
Q8WV24,0,1
Q8IWZ8,0,1
Q9P2N5,0,1
Q9Y287,0,1
Q5SNT2,0,1
Q5JVS0,1,0
O95373,1,0
P49590,0,1
Q13257,1,0
Q9GZL7,0,1
Q9BQ67,0,1
Q9NRV9,0,1
O15084,0,1
P10809,0,1
O75044,0,1
Q02447,0,1
Q53GA4,0,1
O75385,1,0
O43426,1,0
Q9NTZ6,0,1
P49703,0,1
Q16555,0,1
P00390,0,1
Q8TAA9,0,1
Q92685,0,1
O15551,0,1
Q8N5M9,0,1
Q9BTK6,0,1
Q96GF1,0,1
Q9H299,0,1
Q5VV42,1,0
Q9Y2I1,0,1
O95630,0,1
Q9NQT5,0,1
Q9BYC9,1,0
Q13443,0,1
Q13751,0,1
Q5T9A4,0,1
P04183,0,1
O75382,0,1
Q9NWF9,1,0
O75608,0,1
P40925,1,0
Q8WWQ0,0,1
Q8IY33,1,0
Q5BJD5,0,1
Q9BYX2,0,1
P11908,0,1
P49257,0,1
Q9NZJ0,1,0
P31431,0,1
Q9H6S3,0,1
Q14592,0,1
Q9H6T0,0,1
Q9UHB9,0,1
Q9UBU8,0,1
O15525,0,1
Q99714,0,1
Q15059,1,0
O95340,0,1
Q8WUX9,0,1
Q8NDC0,1,0
Q96T23,0,1
Q9Y281,1,0
O75817,0,1
Q9BXY0,0,1
Q9Y5B0,1,0
Q96RU8,0,1
Q8TDD1,0,1
Q03169,1,0
P21266,1,0
Q15836,1,0
Q9HD45,0,1
O14579,0,1
P50613,0,1
O95571,0,1
Q9Y2F5,0,1
Q4J6C6,0,1
Q15024,0,1
Q8IXI2,0,1
Q2KHR3,1,0
P50395,1,0
Q16890,1,0
P01266,0,1
Q9NZI8,1,0
Q9NWZ5,0,1
Q8IWC1,1,0
Q96PK6,0,1
P33991,0,1
Q08AE8,1,0
Q8WYA6,1,0
Q96AQ6,0,1
P46934,1,0
Q13404,1,0
O43252,0,1
Q06546,0,1
O95251,0,1
Q07002,0,1
P61964,0,1
Q9NUM4,0,1
P20393,0,1
Q52LW3,0,1
Q9Y383,1,0
Q9UNA1,1,0
P33552,0,1
Q9H5V8,0,1
Q14527,0,1
Q9BYE7,0,1
P51148,1,0
Q9NRF2,1,0
Q9NU22,0,1
Q9Y4P1,0,1
Q9UBE0,0,1
Q9Y3A5,0,1
Q9UKJ3,1,0
Q9NX58,0,1
O94808,0,1
Q9Y3Q8,0,1
Q6P0Q8,1,0
P15531,1,0
Q9H5V9,0,1
Q13057,0,1
P24941,0,1
Q6UXN9,0,1
O00273,1,0
Q6IQ22,0,1
P55010,1,0
Q9UKF6,0,1
P05067,0,1
Q5TGY3,0,1
Q9BZJ0,0,1
Q5BKZ1,0,1
P26006,0,1
Q969Q0,0,1
Q14126,0,1
O14493,0,1
Q9UBI6,0,1
P38936,0,1
Q9Y4B5,1,0
Q6P2D0,0,1
Q2M389,0,1
Q92887,0,1
O75808,1,0
Q9GZY8,0,1
Q15907,0,1
P35244,0,1
O95819,0,1
P41162,1,0
Q9Y3S2,0,1
Q86X02,1,0
Q9H5N1,0,1
P11831,0,1
Q8NBU5,0,1
Q53SF7,1,0
Q9NZN8,1,0
Q99638,1,0
Q16850,0,1
Q9UHR4,1,0
Q08752,0,1
P09884,0,1
Q9NU53,0,1
Q9NV92,0,1
Q86SQ0,0,1
Q49A26,0,1
O43148,0,1
Q9H8V3,0,1
Q15286,0,1
Q9UBS0,1,0
Q9NRR5,1,0
Q7KZ85,0,1
Q14004,1,0
Q9Y2K6,0,1
Q15545,1,0
Q16719,1,0
Q93096,0,1
Q9ULH0,0,1
Q6DKI1,1,0
O14936,0,1
P61221,0,1
P54252,0,1
Q9H0W8,1,0
Q8TEW0,1,0
Q8TEA8,1,0
Q86TC9,1,0
Q96MU7,0,1
Q9Y624,0,1
O94915,0,1
P11532,0,1
Q92564,0,1
Q92541,1,0
O94762,0,1
Q969G3,0,1
Q03519,1,0
Q9UMZ2,1,0
P30519,0,1
Q15847,0,1
O95503,0,1
Q9NUJ7,1,0
Q96DX7,0,1
Q9BXS9,0,1
Q99828,1,0
Q08345,0,1
Q8NAP3,0,1
O60291,0,1
P48556,0,1
Q9HCK8,1,0
P04908,0,1
Q9H0H5,1,0
Q9NYB9,1,0
Q8IXJ9,0,1
Q9BQ70,0,1
Q9H0S4,0,1
Q96H12,1,0
Q10567,0,1
P26583,0,1
Q92613,0,1
Q56NI9,1,0
Q53ET0,1,0
Q92667,0,1
Q9P013,1,0
P28562,1,0
Q13433,0,1
P48730,1,0
Q9Y237,0,1
Q9NUQ6,1,0
Q9BZD4,1,0
P22307,0,1
Q13643,1,0
Q14697,0,1
O95696,0,1
Q15437,0,1
Q92995,0,1
Q06210,0,1
Q14558,0,1
P30566,1,0
O00471,0,1
P61927,0,1
Q9HD20,0,1
P11766,0,1
Q9H4L7,1,0
P46782,0,1
Q641Q2,0,1
Q6QNY0,1,0
Q9P0J7,0,1
Q9BTE7,1,0
Q96S21,0,1
O15047,0,1
Q99607,0,1
P17302,1,0
Q14156,1,0
Q9NPH2,0,1
Q96I24,1,0
Q9BRG1,1,0
Q9H3P2,0,1
Q9P289,1,0
Q9Y4K4,0,1
Q9NVH2,0,1
Q9NQX7,0,1
Q9P2D0,1,0
Q9NV06,0,1
Q96T60,0,1
Q6ZMU5,0,1
P14324,0,1
P49006,0,1
Q6V0I7,0,1
Q9HB09,0,1
O95544,1,0
Q6NXG1,0,1
Q9HB19,0,1
Q00403,0,1
Q9BTC0,0,1
Q96AT1,0,1
P30825,0,1
Q5MNZ6,0,1
Q8WUW1,1,0
Q9Y4F5,1,0
O95453,1,0
Q9H6Y2,0,1
Q9Y3Z3,0,1
O14776,0,1
O43665,0,1
Q9NYP9,1,0
Q9H3U1,0,1
Q9Y666,0,1
O15260,0,1
Q13418,0,1
Q9UHC7,0,1
Q5M775,0,1
Q86U86,0,1
Q9UKN8,0,1
Q9Y385,0,1
Q14644,1,0
Q96AP4,0,1
Q8N884,1,0
O15304,0,1
Q9H3R2,1,0
Q9UBN6,0,1
Q9Y4H2,0,1
O94806,1,0
Q9Y4E5,0,1
Q8N302,1,0
O95625,0,1
Q8IY63,0,1
Q9Y678,0,1
Q9C004,0,1
Q9Y6D6,0,1
P10398,1,0
O60307,0,1
Q16630,0,1
P27105,1,0
P53680,0,1
Q8N684,0,1
Q01105,0,1
O43447,0,1
Q9HCE3,0,1
Q96P11,0,1
Q9NQ29,1,0
P09496,0,1
Q9C0C7,0,1
Q9Y2L1,0,1
P09211,0,1
O43896,1,0
Q9NV56,1,0
Q9HCC9,0,1
P09661,0,1
P28288,1,0
Q92882,0,1
Q96A72,0,1
O60341,1,0
O15231,0,1
P16144,0,1
P10155,0,1
O75152,0,1
Q9BRJ7,1,0
Q14139,0,1
P62273,1,0
O95835,0,1
Q9UBL3,0,1
Q9Y5S2,0,1
O15379,0,1
Q15036,0,1
Q9H0E9,1,0
Q9NR19,1,0
Q9NP72,0,1
O15479,0,1
P31629,0,1
Q15404,0,1
Q9NWV4,0,1
Q9BUE0,0,1
P54577,0,1
O60496,0,1
P23527,0,1
P68366,1,0
Q8N7R7,0,1
P51955,1,0
Q96FQ6,0,1
Q15654,0,1
Q99959,0,1
Q71U36,1,0
Q9H063,0,1
Q8IYN2,0,1
Q7Z6J0,0,1
P22102,0,1
Q8IZP0,0,1
Q86W50,0,1
Q96AY4,0,1
P30622,1,0
Q9HD42,0,1
Q8TB40,1,0
Q9Y4W6,1,0
Q96JX3,0,1
Q9HCY8,0,1
P36956,0,1
Q8WY36,1,0
Q9UKK3,0,1
P00966,1,0
Q9BW60,0,1
Q9NX63,0,1
Q8IXM2,0,1
Q9BV86,1,0
P41743,1,0
Q15714,0,1
Q13526,0,1
Q14690,0,1
P49840,0,1
Q9P246,0,1
P78332,0,1
Q9P0M6,0,1
Q8WV16,0,1
O43464,1,0
Q9UHD1,0,1
Q9NVM9,0,1
O15541,1,0
Q9UNQ2,0,1
Q96A33,0,1
Q96BH1,1,0
Q15393,0,1
Q27J81,0,1
Q9UMS4,1,0
Q15843,1,0
Q9H8G2,0,1
Q9NZ72,0,1
Q8N6N3,0,1
P99999,0,1
Q9HB90,1,0
P11274,0,1
Q6ZN18,1,0
Q96AG4,0,1
P55291,1,0
Q99549,0,1
Q9BWD3,0,1
Q07817,0,1
O15160,1,0
Q5HYJ3,1,0
Q9BUJ2,0,1
Q9Y4W2,1,0
Q96GS6,0,1
P49795,0,1
Q96G03,1,0
O43823,1,0
Q9HBU6,0,1
Q9NWK9,0,1
O60234,0,1
Q13492,1,0
Q9Y5Y6,0,1
Q14444,1,0
O15269,0,1
Q4VC31,1,0
P55769,0,1
P43357,0,1
O43516,0,1
Q0ZGT2,0,1
Q6DKJ4,0,1
Q6ZUM4,0,1
P31943,0,1
Q9NXR1,1,0
Q8WW12,0,1
Q9P270,1,0
Q9H0A0,0,1
O15372,0,1
Q9H0E2,0,1
Q96HA1,0,1
O00214,0,1
P47895,0,1
O94885,0,1
O60762,1,0
Q8IXT5,0,1
Q9Y6K9,0,1
Q9Y6B2,1,0
Q9BU02,1,0
Q86UU0,1,0
Q9H8W4,0,1
Q9UGY1,0,1
P55085,0,1
Q9H6T3,1,0
Q8TBA6,0,1
Q5VTB9,0,1
P18583,0,1
Q8NB16,1,0
Q07352,0,1
Q8N3E9,0,1
Q96C92,1,0
Q6P1M0,1,0
Q86XP3,1,0
Q7Z3K3,0,1
P42568,0,1
P18850,1,0
P19022,1,0
Q16576,0,1
Q9BRL6,0,1
Q13371,0,1
Q9Y5A9,0,1
Q9UBW8,0,1
P63218,0,1
Q9NZM3,0,1
P34931,0,1
Q9BXB4,1,0
Q15003,0,1
Q8TF74,0,1
Q14534,1,0
Q9H1K0,1,0
Q9NSE4,0,1
Q96JN8,0,1
P62879,0,1
O75128,0,1
Q9Y5T5,0,1
Q13033,0,1
Q9Y3X0,0,1
Q9UDY4,0,1
O60683,0,1
O14972,0,1
P78504,0,1
Q9UJP4,1,0
Q8N511,1,0
Q96K37,0,1
P43003,0,1
P62854,1,0
Q6UX71,0,1
Q9H4Y5,0,1
Q96SB4,0,1
P29373,1,0
Q7Z3T8,0,1
Q9H201,0,1
P13984,0,1
Q96B23,0,1
Q6PCD5,1,0
P21291,0,1
P84243,0,1
P15170,1,0
Q96LD4,0,1
Q92522,0,1
P51397,0,1
P08581,0,1
Q3L8U1,1,0
Q8N6M0,0,1
O00458,0,1
P36405,0,1
Q15532,0,1
O43688,0,1
O60664,0,1
Q9Y4G8,1,0
Q14657,0,1
O95365,0,1
O60885,0,1
Q7RTV0,0,1
P61006,0,1
Q9Y3B4,0,1
Q6S8J3,0,1
Q96SK2,0,1
Q8IYT2,0,1
Q9BZL6,1,0
P52298,0,1
O15258,0,1
P01106,1,0
Q2M2I8,0,1
Q9UGH3,0,1
P27448,0,1
Q8N4S0,0,1
Q9UK61,0,1
Q9UPW0,1,0
Q6I9Y2,1,0
O15511,0,1
P14373,1,0
Q9BRQ0,0,1
Q15311,1,0
Q9P265,1,0
P38432,0,1
P49247,0,1
Q9UNL2,0,1
Q6FI81,0,1
P07384,0,1
O43395,0,1
Q7L7X3,0,1
Q9BZF1,0,1
Q9UKD2,0,1
Q03518,0,1
Q8NC56,0,1
P14854,1,0
Q6P2E9,0,1
Q6P9B6,0,1
Q8WY22,0,1
P20337,0,1
P51970,0,1
O75674,0,1
O00401,0,1
Q9UJF2,1,0
P48436,0,1
P49770,1,0
Q5TC63,0,1
Q9BVP2,0,1
Q9H0F6,0,1
Q86YD1,0,1
Q6P1N0,0,1
P53618,1,0
Q86U90,1,0
O94876,0,1
Q6ZVM7,0,1
P55061,1,0
Q6P2Q9,0,1
Q6IN85,1,0
Q13561,1,0
Q92499,0,1
O14646,0,1
P25705,0,1
Q8IXJ6,0,1
O15155,0,1
Q9UP95,0,1
P33316,1,0
Q13888,0,1
Q9ULJ3,0,1
Q9H1C4,0,1
Q9Y2I7,0,1
P54920,1,0
Q96FZ7,0,1
P46100,0,1
P45973,0,1
Q96K17,0,1
Q86WC4,1,0
Q9HB58,0,1
O15162,0,1
Q9Y3D8,0,1
P09234,0,1
Q9H040,0,1
Q01831,0,1
Q9UI09,1,0
Q9H3N1,0,1
P50616,0,1
Q12788,0,1
Q99569,0,1
Q2TAY7,0,1
Q86YT6,0,1
Q9UBF8,1,0
O15417,1,0
P00441,0,1
Q99973,0,1
P62891,0,1
Q9Y6D9,0,1
Q12899,1,0
Q8WXG6,0,1
Q16777,0,1
Q9Y696,0,1
Q8NDI1,1,0
Q14680,0,1
O15020,0,1
Q8TF01,0,1
Q9BRZ2,1,0
O14949,1,0
Q86YP4,0,1
Q6P452,0,1
Q9P2E9,0,1
Q99536,0,1
O43663,1,0
P09972,0,1
P21731,0,1
Q9H5H4,0,1
Q9GZZ1,0,1
Q9BRQ8,0,1
O94832,0,1
Q9Y6Y8,0,1
P07910,0,1
Q969G5,0,1
Q9BZ29,0,1
Q00653,0,1
O94817,1,0
A7E2V4,0,1
Q9HAU5,0,1
Q9BUZ4,0,1
O14495,0,1
Q15424,0,1
Q02880,0,1
Q9UPZ3,1,0
Q6IAA8,0,1
Q5VW32,0,1
P62253,0,1
P82979,0,1
Q9Y508,0,1
Q9BZ23,1,0
Q9Y4F3,1,0
Q13185,0,1
Q14839,0,1
P54136,1,0
P56545,0,1
Q9NW82,0,1
O60264,0,1
Q14651,0,1
Q29RF7,0,1
Q969V5,0,1
Q96JC9,1,0
P78412,0,1
Q92574,1,0
Q12830,0,1
Q13794,0,1
Q14938,1,0
Q13416,0,1
Q9BVJ6,0,1
Q9HCD5,0,1
Q6RI45,0,1
Q9BVS4,1,0
P49815,0,1
O00470,0,1
Q15084,0,1
Q86Y82,0,1
O94782,0,1
O95707,0,1
Q8N556,1,0
P57682,1,0
Q99879,0,1
P17707,0,1
P48201,0,1
Q9NUD5,0,1
Q14739,0,1
Q12774,0,1
Q7KYR7,0,1
Q8NCN4,1,0
Q9P2I0,1,0
Q9H2U2,0,1
Q9NUQ2,0,1
Q5U5Q3,1,0
Q8ND90,1,0
P78316,0,1
Q9H089,0,1
P36507,0,1
P17931,0,1
P56524,1,0
P20962,1,0
P18827,0,1
Q13889,0,1
Q9NWM0,0,1
Q9Y376,0,1
Q9UEU0,1,0
Q9NWX6,0,1
Q8NAF0,0,1
Q9P275,0,1
Q6EMK4,0,1
O60684,1,0
O00512,1,0
Q8N9N7,0,1
Q9Y2U8,0,1
O95298,1,0
O14977,0,1
O75110,0,1
Q8TAM1,0,1
O75691,0,1
Q9H694,0,1
Q96SB3,0,1
O43633,0,1
O96028,0,1
Q9UKL0,0,1
Q8IX12,0,1
Q9UMY1,1,0
Q96T17,1,0
Q92547,1,0
P49189,0,1
Q71F56,0,1
Q96KR1,0,1
Q9BUQ8,0,1
Q9NQW6,0,1
O43291,0,1
Q9H9B1,0,1
P16435,1,0
Q13671,0,1
Q5VVJ2,0,1
Q9NWW5,0,1
Q9H7F0,0,1
Q09161,0,1
P35249,0,1
Q9H5I1,0,1
Q92688,0,1
Q9UNH7,0,1
Q8N3U4,1,0
P16104,0,1
A1L390,0,1
Q9H2H9,0,1
P11021,0,1
Q96DC9,0,1
P68402,1,0
Q13625,0,1
O75534,1,0
P52272,0,1
P15260,0,1
Q9NTM9,0,1
Q8NDX6,0,1
P62140,0,1
P52789,1,0
Q13309,0,1
Q9Y2A7,0,1
Q15369,0,1
P41134,0,1
Q9C0I1,0,1
P55209,1,0
Q9GZP8,1,0
O75717,1,0
P38159,0,1
P46926,0,1
P40425,0,1
Q9BWW4,0,1
P14859,1,0
P68431,0,1
Q8N806,0,1
P83369,1,0
Q96EP5,0,1
O75083,0,1
O94952,0,1
Q5T5P2,1,0
Q96G28,0,1
O75937,0,1
Q8NBR6,0,1
Q9Y5S9,1,0
P53801,0,1
Q96C19,0,1
O60262,0,1
Q8ND82,0,1
Q9BXS5,1,0
Q16514,0,1
Q92619,0,1
P46734,0,1
Q96QK8,0,1
Q8NHP6,0,1
Q9Y4E1,1,0
O94964,0,1
Q6VN20,1,0
Q9BUP3,1,0
Q9NR12,1,0
Q96JG6,1,0
P82970,0,1
Q9Y5X3,0,1
P42695,0,1
Q96BY9,0,1
Q13586,0,1
O60437,0,1
Q96EE3,1,0
P12429,0,1
Q9Y266,0,1
P48426,1,0
Q9BR39,0,1
P23258,0,1
P15822,0,1
Q5VWQ8,0,1
O95248,1,0
Q13015,1,0
O15018,0,1
P00492,0,1
Q14318,1,0
P33527,0,1
O95336,0,1
Q12959,0,1
Q9P2S5,0,1
J3KQ48,1,0
Q96Q15,1,0
Q12834,1,0
Q04760,0,1
Q7Z7H5,1,0
Q9NPF5,0,1
Q6PJF5,0,1
P78317,0,1
Q12893,0,1
Q8WXI9,1,0
Q03164,0,1
Q9HCK5,0,1
P51452,1,0
Q6ZSZ5,0,1
P40123,0,1
P08865,0,1
Q8WUM9,0,1
P25398,0,1
Q99459,1,0
O43805,1,0
Q9UIF9,0,1
O15173,0,1
Q92973,0,1
Q9NNW5,0,1
P52799,0,1
P78362,1,0
Q9UL25,0,1
Q9NRF8,1,0
Q13740,0,1
Q9H6X2,1,0
P56282,0,1
Q3MHD2,0,1